fecha,Estacion,Fecha final,NO2,CO,PM2.5,PM10,SO2,datos_disponibles
2025-10-22,FACATATIVA - URBANO,,23.71041667,735.18541667,13.42375,30.51333333,8.34166667,5
2025-10-21,FACATATIVA - URBANO,,22.93125,1015.71041667,17.5225,34.7075,8.38208333,5
2025-10-20,FACATATIVA - URBANO,,20.91875,991.37916667,14.39083333,31.00416667,8.03391304,5
2025-10-19,FACATATIVA - URBANO,,14.34416667,1280.01458333,10.53416667,21.15583333,8.40666667,5
2025-10-18,FACATATIVA - URBANO,,20.53,1304.82291667,9.44125,20.35291667,8.3,5
2025-10-17,FACATATIVA - URBANO,,22.01916667,1391.175,16.48916667,33.99166667,9.3275,5
2025-10-16,FACATATIVA - URBANO,,24.34208333,1278.10625,12.29291667,28.07375,8.32958333,5
2025-10-15,FACATATIVA - URBANO,,21.99416667,1401.19375,16.5075,35.77,8.6875,5
2025-10-14,FACATATIVA - URBANO,,22.08041667,1240.24318182,12.69041667,26.45708333,8.06083333,5
2025-10-13,FACATATIVA - URBANO,,20.06666667,844.4375,6.16833333,11.70291667,8.32916667,5
2025-10-12,FACATATIVA - URBANO,,19.03875,840.14375,4.52833333,8.79333333,8.3125,5
2025-10-11,FACATATIVA - URBANO,,21.37,1072.48333333,10.55833333,19.40916667,8.62791667,5
2025-10-10,FACATATIVA - URBANO,,22.76291667,986.13125,11.27583333,21.66583333,8.32347826,5
2025-10-09,FACATATIVA - URBANO,,23.60958333,1150.24791667,17.3225,36.83666667,9.05458333,5
2025-10-08,FACATATIVA - URBANO,,20.0575,1309.59375,18.305,46.13708333,8.77041667,5
2025-10-07,FACATATIVA - URBANO,,23.92958333,1074.86875,13.05583333,24.21291667,7.63916667,5
2025-10-06,FACATATIVA - URBANO,,22.58458333,1119.2375,15.25416667,31.40041667,8.78583333,5
2025-10-05,FACATATIVA - URBANO,,20.52166667,746.15833333,7.71173913,15.77416667,8.41916667,5
2025-10-04,FACATATIVA - URBANO,,22.86,1062.46458333,15.69958333,31.305,9.1,5
2025-10-03,FACATATIVA - URBANO,,28.50708333,676.50416667,9.70333333,19.30625,8.56666667,5
2025-10-02,FACATATIVA - URBANO,,38.09166667,708.46875,12.05,27.3825,7.83541667,5
2025-10-01,FACATATIVA - URBANO,,23.94916667,880.69583333,7.80083333,17.97666667,7.56875,5
2025-09-30,FACATATIVA - URBANO,,22.87583333,920.77083333,4.71875,9.40708333,8.08,5
2025-09-29,FACATATIVA - URBANO,,24.2525,1110.17291667,12.58833333,29.1325,8.21208333,5
2025-09-28,FACATATIVA - URBANO,,21.41833333,968.00208333,11.48916667,21.4575,8.56041667,5
2025-09-27,FACATATIVA - URBANO,,24.60541667,798.16041667,12.6125,25.85708333,8.88166667,5
2025-09-26,FACATATIVA - URBANO,,26.01458333,957.98333333,13.44916667,32.61958333,8.72625,5
2025-09-25,FACATATIVA - URBANO,,34.55875,787.66458333,9.8125,22.63291667,2.39666667,5
2025-09-24,FACATATIVA - URBANO,,46.10541667,671.73333333,9.16291667,22.86291667,2.58708333,5
2025-09-23,FACATATIVA - URBANO,,41.585,923.63333333,11.15583333,24.8825,2.91166667,5
2025-09-22,FACATATIVA - URBANO,,41.86291667,1207.02083333,14.04333333,28.44958333,3.29083333,5
2025-09-21,FACATATIVA - URBANO,,39.36333333,872.58541667,8.64625,16.18625,3.775,5
2025-09-20,FACATATIVA - URBANO,,42.1,623.07083333,8.03875,15.37708333,2.74375,5
2025-09-19,FACATATIVA - URBANO,,36.40666667,578.225,10.86333333,17.44041667,2.9875,5
2025-09-18,FACATATIVA - URBANO,,24.84041667,650.26458333,9.70916667,17.6675,2.40791667,5
2025-09-17,FACATATIVA - URBANO,,23.98125,1305.77708333,17.485,34.685,3.58583333,5
2025-09-16,FACATATIVA - URBANO,,22.9125,1096.3375,11.80958333,25.57541667,3.05458333,5
2025-09-15,FACATATIVA - URBANO,,22.52666667,799.50869565,7.46583333,19.90958333,3.00208333,5
2025-09-14,FACATATIVA - URBANO,,21.0575,899.46111111,11.795,23.66916667,3.4,5
2025-09-13,FACATATIVA - URBANO,,35.48375,901.6875,13.01583333,28.93458333,3.04478261,5
2025-09-12,FACATATIVA - URBANO,,35.37791667,971.81875,14.20916667,30.55333333,3.63166667,5
2025-09-11,FACATATIVA - URBANO,,30.41916667,894.53125,12.085,29.84416667,3.54041667,5
2025-09-10,FACATATIVA - URBANO,,23.10625,896.91666667,13.13041667,33.62708333,3.45583333,5
2025-09-09,FACATATIVA - URBANO,,18.71291667,787.66458333,10.16125,24.51166667,3.47,5
2025-09-08,FACATATIVA - URBANO,,22.27125,739.95625,8.59583333,20.07083333,4.0925,5
2025-09-07,FACATATIVA - URBANO,,20.13583333,573.45416667,7.65208333,13.68833333,2.78791667,5
2025-09-06,FACATATIVA - URBANO,,21.92458333,771.92083333,11.06833333,22.34166667,3.69958333,5
2025-09-05,FACATATIVA - URBANO,,20.68708333,830.125,12.79458333,27.67791667,3.40416667,5
2025-09-04,FACATATIVA - URBANO,,23.08833333,663.10434783,9.53541667,21.70208333,3.15833333,5
2025-09-03,FACATATIVA - URBANO,,22.14291667,707.0375,14.90375,30.74583333,3.59363636,5
2025-09-02,FACATATIVA - URBANO,,22.84833333,554.84791667,9.28875,21.36041667,3.13625,5
2025-09-01,FACATATIVA - URBANO,,21.17166667,715.14791667,8.40833333,20.02958333,3.05875,5
2025-08-31,FACATATIVA - URBANO,,26.36833333,468.49583333,6.12583333,10.5125,2.51791667,5
2025-08-30,FACATATIVA - URBANO,,29.02565217,831.07916667,11.91125,24.89208333,2.40583333,5
2025-08-29,FACATATIVA - URBANO,,23.67791667,1015.71041667,15.67916667,32.69958333,3.2826087,5
2025-08-28,FACATATIVA - URBANO,,32.86875,690.81666667,8.55625,25.925,3.00642857,5
2025-08-27,FACATATIVA - URBANO,,46.985,613.05208333,7.18416667,23.40625,3.0973913,5
2025-08-26,FACATATIVA - URBANO,,40.49772727,1020.09090909,11.07909091,29.95454545,3.24470588,5
2025-08-25,FACATATIVA - URBANO,,42.8625,799.59166667,7.24,16.54083333,3.77541667,5
2025-08-24,FACATATIVA - URBANO,,20.42166667,876.40208333,6.53375,15.29625,3.05666667,5
2025-08-23,FACATATIVA - URBANO,,22.20958333,959.41458333,11.93833333,22.5975,3.31217391,5
2025-08-22,FACATATIVA - URBANO,,23.2625,933.65208333,11.94541667,27.30041667,2.79866667,5
2025-08-21,FACATATIVA - URBANO,,22.88625,907.53695652,11.32291667,25.21083333,3.69181818,5
2025-08-20,FACATATIVA - URBANO,,22.38416667,1153.11041667,14.7125,33.37833333,4.39791667,5
2025-08-19,FACATATIVA - URBANO,,23.04541667,893.1,12.71791667,26.90083333,3.31695652,5
2025-08-18,FACATATIVA - URBANO,,28.1025,453.22916667,6.56791667,11.71416667,3.35291667,5
2025-08-17,FACATATIVA - URBANO,,27.93875,582.04166667,5.11916667,9.89125,3.13708333,5
2025-08-16,FACATATIVA - URBANO,,22.40541667,693.67916667,7.75208333,20.235,3.505,5
2025-08-15,FACATATIVA - URBANO,,37.51708333,743.29583333,10.0375,25.49416667,3.63541667,5
2025-08-14,FACATATIVA - URBANO,,43.76375,887.85208333,11.04708333,29.05583333,3.87041667,5
2025-08-13,FACATATIVA - URBANO,,39.94625,947.4875,13.46375,41.51916667,4.04666667,5
2025-08-12,FACATATIVA - URBANO,,37.90875,776.69166667,9.00125,24.66875,4.09208333,5
2025-08-11,FACATATIVA - URBANO,,41.61083333,685.09166667,7.94458333,20.98791667,3.21875,5
2025-08-10,FACATATIVA - URBANO,,27.55416667,430.80625,5.54791667,11.85416667,2.93166667,5
2025-08-09,FACATATIVA - URBANO,,24.48916667,282.43333333,5.42583333,12.37875,3.1625,5
2025-08-08,FACATATIVA - URBANO,,24.43958333,279.70714286,8.99,15.48083333,3.1725,5
2025-08-07,FACATATIVA - URBANO,,22.71458333,203.61086957,8.60125,14.40416667,3.17,5
2025-08-06,FACATATIVA - URBANO,,32.515,643.10833333,14.56708333,33.29333333,2.06958333,5
2025-08-05,FACATATIVA - URBANO,,42.19291667,1035.74791667,11.33,29.42958333,4.23458333,5
2025-08-04,FACATATIVA - URBANO,,41.14714286,781.4625,5.15708333,17.44708333,3.95227273,5
2025-08-03,FACATATIVA - URBANO,,18.25416667,837.28125,2.855,6.75791667,4.72583333,5
2025-08-02,FACATATIVA - URBANO,,19.88041667,972.77291667,7.51125,18.46333333,5.23708333,5
2025-08-01,FACATATIVA - URBANO,,34.57125,1088.22708333,9.16375,23.81833333,4.76217391,5
2025-07-31,FACATATIVA - URBANO,,39.6075,1154.54166667,10.20541667,25.34916667,5.185,5
2025-07-30,FACATATIVA - URBANO,,20.03304348,771.92083333,6.4675,17.2575,4.765,5
2025-07-13,FACATATIVA - URBANO,,47.55363636,553.89375,7.24833333,13.87083333,4.41826087,5
2025-07-12,FACATATIVA - URBANO,,49.15947368,437.48541667,7.21666667,19.055,3.89,5
2025-07-11,FACATATIVA - URBANO,,53.845,351.67857143,8.15625,21.90625,4.3375,5
2025-07-10,FACATATIVA - URBANO,,54.6305,515.25,8.57791667,19.62041667,4.71833333,5
2025-07-08,FACATATIVA - URBANO,,22.55666667,873.68478261,9.32,25.57708333,4.54333333,5
2025-07-07,FACATATIVA - URBANO,,28.09,536.71875,7.16791667,20.90125,5.50541667,5
2025-07-06,FACATATIVA - URBANO,,28.19458333,623.54791667,6.125,13.03708333,4.56583333,5
2025-07-05,FACATATIVA - URBANO,,32.44416667,657.42083333,6.75708333,16.60958333,4.50666667,5
2025-07-04,FACATATIVA - URBANO,,38.02541667,456.56875,5.84958333,14.79041667,4.28708333,5
2025-07-03,FACATATIVA - URBANO,,29.91458333,750.92916667,6.04166667,16.28041667,4.81833333,5
2025-07-02,FACATATIVA - URBANO,,31.71375,780.03125,8.53958333,25.11458333,5.0475,5
2025-07-01,FACATATIVA - URBANO,,35.72333333,653.60416667,6.41958333,18.71958333,4.47833333,5
2025-06-30,FACATATIVA - URBANO,,32.17083333,550.07708333,5.40541667,13.01666667,2.97333333,5
2025-06-29,FACATATIVA - URBANO,,27.08416667,586.33541667,6.18833333,14.02875,3.74416667,5
2025-06-28,FACATATIVA - URBANO,,29.45083333,605.41875,6.54166667,17.31666667,3.07541667,5
2025-06-27,FACATATIVA - URBANO,,32.13875,475.92173913,7.54791667,17.96833333,6.20666667,5
2025-06-26,FACATATIVA - URBANO,,30.7525,700.93913043,11.40625,28.33125,8.54541667,5
2025-06-25,FACATATIVA - URBANO,,29.21291667,812.95,7.82125,22.81666667,9.46909091,5
2025-06-24,FACATATIVA - URBANO,,19.31666667,649.31041667,5.95875,10.39708333,8.46666667,5
2025-06-23,FACATATIVA - URBANO,,20.83208333,562.00416667,5.7975,12.42833333,8.725,5
2025-06-22,FACATATIVA - URBANO,,20.49791667,687.0,5.38708333,11.79,8.49125,5
2025-06-21,FACATATIVA - URBANO,,23.36625,743.29583333,6.755,18.80041667,8.25375,5
2025-06-20,FACATATIVA - URBANO,,36.21208333,802.45416667,7.29458333,20.52875,6.63916667,5
2025-06-19,FACATATIVA - URBANO,,45.33291667,1004.26041667,9.35625,24.93958333,8.33708333,5
2025-06-18,FACATATIVA - URBANO,,48.90041667,776.21458333,7.50583333,22.87708333,8.56875,5
2025-06-17,FACATATIVA - URBANO,,44.84,768.10416667,10.38791667,25.07041667,8.57791667,5
2025-06-16,FACATATIVA - URBANO,,36.25333333,745.20416667,9.33166667,23.31416667,8.61291667,5
2025-06-15,FACATATIVA - URBANO,,43.50458333,658.85208333,10.66666667,21.35833333,8.99291667,5
2025-06-14,FACATATIVA - URBANO,,29.25875,458.95416667,6.29833333,13.74958333,8.18791667,5
2025-06-13,FACATATIVA - URBANO,,40.24,715.625,11.315,26.25375,8.17041667,5
2025-06-12,FACATATIVA - URBANO,,27.60333333,714.19375,11.5825,24.94625,8.25166667,5
2025-06-11,FACATATIVA - URBANO,,42.97625,537.67291667,9.48166667,21.05041667,8.13791667,5
2025-06-10,FACATATIVA - URBANO,,23.77875,770.96666667,8.62111111,21.12058824,4.39933333,5
2025-06-09,FACATATIVA - URBANO,,22.27041667,1805.28333333,7.07458333,14.51666667,6.17958333,5
2025-06-08,FACATATIVA - URBANO,,18.505,1656.43333333,4.13791667,12.275,6.19333333,5
2025-06-07,FACATATIVA - URBANO,,21.03541667,1648.8,6.50625,18.46583333,6.09625,5
2025-06-06,FACATATIVA - URBANO,,20.04458333,1763.3,8.985,23.48375,6.29958333,5
2025-06-05,FACATATIVA - URBANO,,22.26416667,1654.04791667,9.93333333,26.14166667,6.3575,5
2025-06-04,FACATATIVA - URBANO,,35.53625,1659.29583333,10.44541667,29.86916667,6.18958333,5
2025-06-03,FACATATIVA - URBANO,,40.84666667,1356.57608696,6.89625,19.40875,6.07041667,5
2025-06-02,FACATATIVA - URBANO,,37.695,1083.93333333,3.81916667,10.02291667,6.11125,5
2025-06-01,FACATATIVA - URBANO,,39.54916667,1606.81666667,6.90166667,16.215,6.18166667,5
2025-05-31,FACATATIVA - URBANO,,42.65916667,1514.38695652,8.33583333,23.49166667,6.22916667,5
2025-05-30,FACATATIVA - URBANO,,48.13458333,1278.58333333,11.84166667,29.39166667,5.77541667,5
2025-05-29,FACATATIVA - URBANO,,44.66208333,1157.94347826,11.23125,33.11375,6.38875,5
2025-05-28,FACATATIVA - URBANO,,41.175,990.425,6.73708333,20.00541667,6.06875,5
2025-05-27,FACATATIVA - URBANO,,42.6125,1237.55416667,10.37125,22.94375,7.005,5
2025-05-26,FACATATIVA - URBANO,,21.9425,1095.71521739,8.45583333,19.76666667,6.12090909,5
2025-05-25,FACATATIVA - URBANO,,21.44833333,761.425,5.09708333,12.26958333,4.38375,5
2025-05-24,FACATATIVA - URBANO,,16.62666667,590.15208333,4.5275,13.36375,4.34541667,5
2025-05-23,FACATATIVA - URBANO,,20.5125,806.27083333,8.3,25.045,5.13125,5
2025-05-22,FACATATIVA - URBANO,,19.92923077,645.01666667,7.81333333,23.96791667,5.22708333,5
2025-05-18,FACATATIVA - URBANO,,36.66857143,592.06041667,8.87666667,19.10125,5.94708333,5
2025-05-17,FACATATIVA - URBANO,,37.16125,461.81666667,6.4175,15.61291667,5.87333333,5
2025-05-16,FACATATIVA - URBANO,,34.86375,544.82916667,11.63916667,24.03291667,6.17347826,5
2025-05-15,FACATATIVA - URBANO,,35.88333333,498.89285714,7.69,17.75083333,6.36521739,5
2025-05-14,FACATATIVA - URBANO,,32.36333333,408.2173913,8.77875,22.95916667,6.96333333,5
2025-05-13,FACATATIVA - URBANO,,33.13916667,320.07954545,8.67375,23.7625,2.46041667,5
2025-05-12,FACATATIVA - URBANO,,28.58173913,977.2326087,7.96333333,21.99583333,5.90380952,5
2025-05-11,FACATATIVA - URBANO,,31.81,1264.74791667,5.06416667,13.73375,6.46916667,5
2025-05-10,FACATATIVA - URBANO,,37.20458333,1209.40625,6.44916667,20.48833333,6.3325,5
2025-05-09,FACATATIVA - URBANO,,40.2375,1249.95833333,10.63,26.01083333,6.335,5
2025-05-08,FACATATIVA - URBANO,,39.44208333,1126.87083333,11.74291667,27.29208333,6.18416667,5
2025-05-07,FACATATIVA - URBANO,,39.34125,968.00208333,8.26708333,19.71791667,6.0175,5
2025-05-06,FACATATIVA - URBANO,,35.14375,1193.18541667,10.07083333,29.34666667,6.21375,5
2025-05-05,FACATATIVA - URBANO,,36.43916667,875.44791667,6.93666667,19.26333333,5.95666667,5
2025-05-04,FACATATIVA - URBANO,,36.21208333,916.95416667,10.87166667,23.72791667,5.91208333,5
2025-05-03,FACATATIVA - URBANO,,39.6775,702.74375,7.85,19.19375,5.69333333,5
2025-05-02,FACATATIVA - URBANO,,41.36416667,728.98333333,12.32375,27.39,5.69458333,5
2025-05-01,FACATATIVA - URBANO,,36.28458333,655.98958333,9.03666667,22.55916667,5.59125,5
2025-04-30,FACATATIVA - URBANO,,42.53083333,550.55416667,8.21958333,19.58083333,5.39791667,5
2025-04-29,FACATATIVA - URBANO,,43.079,433.3825,11.1255,27.412,8.8305,5
2025-04-28,FACATATIVA - URBANO,,38.23958333,447.02708333,7.85291667,16.50333333,3.98208333,5
2025-04-27,FACATATIVA - URBANO,,38.7025,193.15652174,6.15375,11.80083333,5.0175,5
2025-04-26,FACATATIVA - URBANO,,58.66791667,718.36304348,12.15125,21.21375,4.41708333,5
2025-04-25,FACATATIVA - URBANO,,46.96083333,611.62083333,17.72583333,35.9,4.26791667,5
2025-04-24,FACATATIVA - URBANO,,44.48708333,548.64583333,10.72291667,21.5325,2.67833333,5
2025-04-23,FACATATIVA - URBANO,,37.64125,489.96458333,13.902,31.2045,4.38375,5
2025-04-22,FACATATIVA - URBANO,,39.8475,425.55833333,13.35208333,26.84458333,4.61166667,5
2025-04-21,FACATATIVA - URBANO,,40.63291667,507.13958333,6.52291667,14.16166667,4.10291667,5
2025-04-20,FACATATIVA - URBANO,,36.12375,242.83541667,5.06166667,10.65791667,4.41916667,5
2025-04-19,FACATATIVA - URBANO,,37.96217391,271.81304348,9.46434783,19.09217391,5.65173913,5
2025-04-18,FACATATIVA - URBANO,,36.79041667,256.19375,9.86333333,16.16833333,4.77708333,5
2025-04-17,FACATATIVA - URBANO,,39.384375,430.80625,17.433125,25.765,9.290625,5
2025-04-16,FACATATIVA - URBANO,,42.7525,770.728125,26.595625,53.403125,4.606875,5
2025-04-15,FACATATIVA - URBANO,,42.9273913,531.94791667,20.525,44.44291667,4.30375,5
2023-11-18,FACATATIVA - URBANO,,37.02541667,1789.0625,8.99958333,19.37875,3.755,5
2023-11-17,FACATATIVA - URBANO,,38.77666667,1780.95208333,12.02541667,30.60541667,4.18913043,5
2023-11-16,FACATATIVA - URBANO,,33.83875,1720.83958333,11.44791667,22.55583333,3.44875,5
2023-11-15,FACATATIVA - URBANO,,34.6475,1714.16041667,9.28291667,22.01333333,3.80041667,5
2023-11-14,FACATATIVA - URBANO,,36.42916667,1660.25,8.55416667,23.91,3.50166667,5
2023-11-13,FACATATIVA - URBANO,,31.445,1599.66041667,7.24291667,14.09375,3.53208333,5
2023-11-12,FACATATIVA - URBANO,,31.49958333,1598.70625,8.26416667,15.86083333,3.26,5
2023-11-11,FACATATIVA - URBANO,,31.80833333,1624.94583333,8.4,24.26916667,4.22625,5
2023-11-10,FACATATIVA - URBANO,,35.71416667,1433.15833333,7.10791667,20.65125,3.74565217,5
2023-11-09,FACATATIVA - URBANO,,34.16166667,1394.0375,7.60458333,23.32791667,3.15583333,5
2023-12-04,FACATATIVA - URBANO,,37.86,658.81538462,22.65208333,51.80666667,3.45230769,5
2023-12-03,FACATATIVA - URBANO,,36.30333333,578.940625,18.37333333,31.9125,3.944,5
2023-12-02,FACATATIVA - URBANO,,36.595,600.30714286,19.89708333,45.28541667,3.74071429,5
2023-12-01,FACATATIVA - URBANO,,36.42666667,476.49615385,15.66818182,34.7226087,4.22076923,5
2023-11-30,FACATATIVA - URBANO,,37.86933333,631.27666667,22.9675,41.86375,4.13533333,5
2023-11-29,FACATATIVA - URBANO,,31.95538462,346.14230769,14.84,30.61791667,3.86846154,5
2023-11-28,FACATATIVA - URBANO,,33.37285714,207.73571429,6.52,19.14916667,3.44095238,5
2023-11-27,FACATATIVA - URBANO,,30.54086957,164.75277778,4.39083333,14.10125,3.76636364,5
2023-11-26,FACATATIVA - URBANO,,26.27333333,210.39375,6.16625,13.07375,2.83933333,5
2023-11-25,FACATATIVA - URBANO,,29.53764706,221.07307692,12.28583333,24.99125,3.02529412,5
2023-11-24,FACATATIVA - URBANO,,34.28916667,513.34166667,9.3425,20.30833333,2.81,5
2023-11-23,FACATATIVA - URBANO,,34.21666667,550.64090909,14.43375,28.18458333,3.12347826,5
2023-11-22,FACATATIVA - URBANO,,30.22695652,962.75416667,10.09083333,20.10166667,5.90454545,5
2023-11-21,FACATATIVA - URBANO,,28.78333333,1734.19791667,8.13958333,18.74041667,3.03347826,5
2023-11-20,FACATATIVA - URBANO,,24.32833333,1591.07291667,8.25041667,21.73833333,3.40541667,5
2023-11-19,FACATATIVA - URBANO,,25.52125,1593.63181818,4.21166667,6.90041667,2.665,5
2023-12-20,FACATATIVA - URBANO,,30.50625,627.84166667,12.04583333,26.30083333,3.51,5
2023-12-19,FACATATIVA - URBANO,,25.85583333,439.87083333,8.4525,17.12458333,2.96541667,5
2023-12-18,FACATATIVA - URBANO,,30.50791667,527.65416667,12.35291667,23.48333333,3.26708333,5
2023-12-17,FACATATIVA - URBANO,,27.97625,419.83333333,8.54375,14.55041667,3.60583333,5
2023-12-16,FACATATIVA - URBANO,,28.105,578.70208333,12.68125,24.43708333,3.19208333,5
2023-12-15,FACATATIVA - URBANO,,34.56916667,604.46458333,16.77916667,28.87708333,3.35375,5
2023-12-14,FACATATIVA - URBANO,,35.39458333,652.65,19.64958333,37.54875,3.54791667,5
2023-12-13,FACATATIVA - URBANO,,33.9725,718.01041667,18.4825,41.67458333,4.04458333,5
2023-12-12,FACATATIVA - URBANO,,31.14541667,531.47083333,12.57333333,29.69416667,4.28916667,5
2023-12-11,FACATATIVA - URBANO,,29.555,2155.4625,11.813,29.941,2.63588235,5
2023-12-07,FACATATIVA - URBANO,,41.235625,929.596875,19.87461538,50.55692308,4.0675,5
2023-12-06,FACATATIVA - URBANO,,28.73230769,551.36153846,12.39565217,37.23043478,4.53307692,5
2023-12-05,FACATATIVA - URBANO,,37.10230769,678.19230769,19.98791667,52.14583333,4.34333333,5
2024-01-05,FACATATIVA - URBANO,,30.22791667,1064.37291667,15.12875,33.58458333,3.08083333,5
2024-01-04,FACATATIVA - URBANO,,28.33416667,1045.76666667,13.19791667,32.78125,3.045,5
2024-01-03,FACATATIVA - URBANO,,27.57333333,884.5125,12.75875,24.75333333,3.24375,5
2024-01-02,FACATATIVA - URBANO,,23.05958333,774.78333333,13.63875,24.28375,2.65416667,5
2024-01-01,FACATATIVA - URBANO,,18.83,680.32083333,16.02541667,22.1825,3.30625,5
2023-12-31,FACATATIVA - URBANO,,17.68208333,634.04375,6.69043478,11.98173913,2.755,5
2023-12-30,FACATATIVA - URBANO,,26.14375,804.83958333,10.16458333,18.97583333,3.04375,5
2023-12-29,FACATATIVA - URBANO,,33.57458333,903.59583333,14.975,28.68708333,3.44291667,5
2023-12-28,FACATATIVA - URBANO,,33.745,765.71875,13.26956522,24.53521739,2.72083333,5
2023-12-27,FACATATIVA - URBANO,,26.87583333,712.28541667,11.81083333,26.14625,3.43791667,5
2023-12-26,FACATATIVA - URBANO,,28.30458333,660.76041667,9.66708333,21.4375,3.50333333,5
2023-12-25,FACATATIVA - URBANO,,26.71125,729.9375,20.53916667,29.82541667,3.2,5
2023-12-24,FACATATIVA - URBANO,,28.47625,875.44791667,19.07375,30.09583333,2.94291667,5
2023-12-23,FACATATIVA - URBANO,,32.23125,931.26666667,24.49375,46.42375,4.40041667,5
2023-12-22,FACATATIVA - URBANO,,35.47458333,819.62916667,17.34916667,38.22041667,3.11333333,5
2023-12-21,FACATATIVA - URBANO,,32.06708333,591.58333333,16.41291667,31.3175,3.78916667,5
2024-01-21,FACATATIVA - URBANO,,28.86791667,1644.98333333,10.33458333,25.40208333,3.8925,5
2024-01-20,FACATATIVA - URBANO,,32.65125,1787.63125,16.3,42.67708333,3.82125,5
2024-01-19,FACATATIVA - URBANO,,35.93666667,1922.64583333,18.49458333,44.66416667,4.09541667,5
2024-01-18,FACATATIVA - URBANO,,32.58833333,1804.32916667,16.56125,38.75416667,3.75083333,5
2024-01-17,FACATATIVA - URBANO,,35.25208333,1679.33333333,17.14333333,42.73416667,4.33416667,5
2024-01-16,FACATATIVA - URBANO,,33.0525,1556.24583333,17.35958333,45.2425,4.16,5
2024-01-15,FACATATIVA - URBANO,,33.16083333,1448.90208333,16.13833333,35.30041667,4.34625,5
2024-01-14,FACATATIVA - URBANO,,30.38541667,1418.36875,19.01916667,29.26208333,3.45041667,5
2024-01-13,FACATATIVA - URBANO,,31.20375,1345.375,15.80916667,26.77625,3.20333333,5
2024-01-12,FACATATIVA - URBANO,,35.275,1391.175,18.71791667,34.3275,3.25875,5
2024-01-11,FACATATIVA - URBANO,,32.92,1425.525,18.73875,35.10375,3.11625,5
2024-01-10,FACATATIVA - URBANO,,32.24041667,1495.17916667,21.22541667,40.755,4.39208333,5
2024-01-09,FACATATIVA - URBANO,,31.99166667,1494.225,20.90458333,40.92541667,4.15208333,5
2024-01-08,FACATATIVA - URBANO,,25.24708333,1240.89375,14.99416667,27.17333333,3.74666667,5
2024-01-07,FACATATIVA - URBANO,,24.94916667,1141.66041667,13.35791667,25.32583333,3.65958333,5
2024-01-06,FACATATIVA - URBANO,,31.56666667,1133.55,18.13791667,32.93291667,2.94791667,5
2024-01-25,FACATATIVA - URBANO,,40.77708333,2060.04583333,33.944,58.27,4.50875,5
2024-01-24,FACATATIVA - URBANO,,39.35666667,2211.28125,30.81625,55.71208333,4.65583333,5
2024-01-23,FACATATIVA - URBANO,,39.8325,1871.12083333,18.91708333,47.06043478,5.0425,5
2024-01-22,FACATATIVA - URBANO,,31.81833333,1815.30208333,16.24791667,38.01416667,4.62458333,5
2025-01-13,FACATATIVA - URBANO,,24.87866667,946.14375,15.93166667,31.90608696,3.6295,5
2025-01-12,FACATATIVA - URBANO,,34.72125,825.71208333,16.22583333,26.065,4.25166667,5
2025-01-11,FACATATIVA - URBANO,,39.68041667,832.14666667,20.65375,33.08666667,4.62208333,5
2025-01-10,FACATATIVA - URBANO,,42.07416667,621.7125,15.18041667,27.11375,5.40958333,5
2025-01-09,FACATATIVA - URBANO,,38.86958333,598.75416667,8.87166667,16.65875,3.28458333,5
2025-01-08,FACATATIVA - URBANO,,45.12666667,606.58125,10.69458333,21.03083333,4.1925,5
2025-01-07,FACATATIVA - URBANO,,42.68333333,679.18666667,8.37333333,16.61,1.24666667,5
2025-01-06,FACATATIVA - URBANO,,28.03,1015.385,7.81333333,21.07166667,2.57333333,5
2025-01-05,FACATATIVA - URBANO,,31.485,987.28458333,8.52708333,20.40791667,2.9225,5
2025-01-04,FACATATIVA - URBANO,,36.57416667,853.1975,9.045,18.78125,5.21083333,5
2025-01-03,FACATATIVA - URBANO,,38.09666667,634.64958333,7.71708333,17.72708333,3.2325,5
2025-01-02,FACATATIVA - URBANO,,40.04333333,655.29625,13.52083333,25.66166667,4.4875,5
2025-01-01,FACATATIVA - URBANO,,32.15913043,727.63,21.00095238,33.14217391,4.87043478,5
2024-12-30,FACATATIVA - URBANO,,36.935,324.702,6.18083333,12.98125,1.881,5
2024-12-29,FACATATIVA - URBANO,,41.36791667,385.01583333,6.77458333,11.31583333,3.74541667,5
2024-12-28,FACATATIVA - URBANO,,42.87666667,433.83083333,10.05375,18.17375,4.24041667,5
2024-12-27,FACATATIVA - URBANO,,46.16,576.63954545,9.35541667,21.33833333,5.33291667,5
2024-12-26,FACATATIVA - URBANO,,40.23666667,930.02875,12.67333333,23.75375,3.01375,5
2024-12-25,FACATATIVA - URBANO,,37.01916667,742.15166667,12.9825,19.68083333,4.18333333,5
2024-12-24,FACATATIVA - URBANO,,40.33458333,1169.03375,14.06083333,27.97333333,5.28333333,5
2024-12-23,FACATATIVA - URBANO,,32.8175,1066.21791667,10.04416667,23.65291667,4.88347826,5
2024-02-22,FACATATIVA - URBANO,,23.33541667,777.64583333,7.62,16.73041667,3.04083333,5
2024-02-21,FACATATIVA - URBANO,,26.36625,940.33125,16.67666667,34.38958333,3.32208333,5
2024-02-20,FACATATIVA - URBANO,,26.6475,797.68333333,15.12708333,34.40958333,3.09208333,5
2024-02-19,FACATATIVA - URBANO,,27.6375,849.68541667,15.65416667,28.52791667,3.06041667,5
2024-02-18,FACATATIVA - URBANO,,27.2675,961.8,15.84416667,31.61458333,4.21208333,5
2024-02-17,FACATATIVA - URBANO,,30.92916667,768.58125,9.62416667,27.07708333,4.07791667,5
2024-02-16,FACATATIVA - URBANO,,32.80833333,736.61666667,14.11625,34.88541667,3.76625,5
2024-02-15,FACATATIVA - URBANO,,30.64083333,595.87708333,14.08291667,37.80125,3.86791667,5
2024-02-14,FACATATIVA - URBANO,,34.63208333,540.05833333,16.24958333,38.73625,4.07583333,5
2024-02-13,FACATATIVA - URBANO,,37.30625,681.275,22.38208333,41.38375,3.40458333,5
2024-02-12,FACATATIVA - URBANO,,33.41291667,795.775,17.54363636,34.18909091,2.20708333,5
2024-03-02,FACATATIVA - URBANO,,32.60958333,1037.17916667,26.97526316,45.10157895,2.91208333,5
2024-03-01,FACATATIVA - URBANO,,30.92916667,1213.7,26.59666667,42.90583333,3.05913043,5
2024-02-29,FACATATIVA - URBANO,,36.71208333,1295.75833333,29.61166667,46.99416667,3.34625,5
2024-02-28,FACATATIVA - URBANO,,37.25375,1199.3875,27.08166667,38.73833333,2.92083333,5
2024-02-27,FACATATIVA - URBANO,,34.13826087,1124.48541667,24.35333333,45.21666667,3.14375,5
2024-02-26,FACATATIVA - URBANO,,32.58166667,1192.23125,21.94083333,45.83583333,3.17041667,5
2024-02-25,FACATATIVA - URBANO,,25.29458333,964.18541667,17.03833333,27.3925,2.9225,5
2024-02-24,FACATATIVA - URBANO,,27.57083333,1030.97708333,14.99041667,28.725,2.56583333,5
2024-02-23,FACATATIVA - URBANO,,29.04583333,945.57916667,12.56708333,27.07208333,3.1625,5
2024-12-22,FACATATIVA - URBANO,,35.27,1263.46333333,12.66958333,25.90083333,2.83904762,5
2024-12-21,FACATATIVA - URBANO,,40.76,1216.50541667,19.35791667,36.13958333,4.27541667,5
2024-12-20,FACATATIVA - URBANO,,39.1675,1181.54541667,19.59291667,44.895,5.30583333,5
2024-12-19,FACATATIVA - URBANO,,30.35375,736.01125,11.79166667,35.37333333,4.02958333,5
2024-12-18,FACATATIVA - URBANO,,35.45666667,627.80956522,10.79166667,30.4375,5.5675,5
2024-12-17,FACATATIVA - URBANO,,38.22333333,448.24,15.43333333,37.62,5.55208333,5
2024-12-16,FACATATIVA - URBANO,,43.42541667,443.65875,21.89791667,40.72291667,3.28208333,5
2024-12-15,FACATATIVA - URBANO,,43.60958333,511.23041667,21.18666667,35.09083333,4.94625,5
2024-12-14,FACATATIVA - URBANO,,42.84791667,650.65416667,18.54416667,37.20041667,4.23375,5
2024-12-13,FACATATIVA - URBANO,,46.39,1129.52,20.63291667,40.84583333,2.64058824,5
2024-12-12,FACATATIVA - URBANO,,39.48466667,1117.36291667,20.5425,37.30333333,5.21875,5
2024-12-11,FACATATIVA - URBANO,,40.15166667,1068.9525,18.72958333,39.57291667,4.48125,5
2024-12-10,FACATATIVA - URBANO,,35.75791667,672.22416667,14.02791667,41.86041667,3.52375,5
2024-12-09,FACATATIVA - URBANO,,42.10083333,465.30458333,14.4975,35.60416667,2.48043478,5
2024-12-08,FACATATIVA - URBANO,,41.84,299.980625,16.00894737,26.09368421,5.39208333,5
2024-12-07,FACATATIVA - URBANO,,39.77166667,1011.85291667,11.32708333,25.70875,4.38291667,5
2024-12-06,FACATATIVA - URBANO,,40.74416667,885.61541667,11.11208333,26.89708333,4.80791667,5
2024-12-05,FACATATIVA - URBANO,,39.30291667,832.8925,17.57708333,34.8925,3.69333333,5
2024-12-04,FACATATIVA - URBANO,,38.65166667,1000.4475,18.71666667,41.07125,4.07833333,5
2024-12-03,FACATATIVA - URBANO,,38.57791667,650.135,12.8175,24.1375,3.88545455,5
2024-12-02,FACATATIVA - URBANO,,32.015,1205.14958333,12.94458333,34.99708333,3.39105263,5
2024-12-01,FACATATIVA - URBANO,,31.83125,1395.73791667,11.27333333,29.13583333,2.82695652,5
2024-11-30,FACATATIVA - URBANO,,38.37791667,1318.41416667,14.24208333,38.49708333,3.36083333,5
2024-11-29,FACATATIVA - URBANO,,34.98125,1149.57409091,11.85666667,36.46666667,3.44125,5
2024-11-28,FACATATIVA - URBANO,,32.41916667,858.75,12.51708333,28.02125,3.63541667,5
2024-11-27,FACATATIVA - URBANO,,38.36333333,978.45454545,17.83,37.55333333,3.61708333,5
2024-11-26,FACATATIVA - URBANO,,32.0726087,987.5625,19.47583333,45.895,2.39681818,5
2024-11-25,FACATATIVA - URBANO,,32.14833333,761.67391304,15.22583333,38.67041667,3.63173913,5
2024-11-24,FACATATIVA - URBANO,,33.4695,621.57142857,9.1675,21.898,5.91578947,5
2024-11-23,FACATATIVA - URBANO,,40.58541667,432.55555556,7.95375,17.64083333,2.04045455,5
2024-11-22,FACATATIVA - URBANO,,40.10833333,616.11904762,10.55666667,24.17833333,3.75416667,5
2024-11-21,FACATATIVA - URBANO,,41.03625,530.86363636,10.85833333,28.61416667,2.57217391,5
2024-04-09,FACATATIVA - URBANO,,31.16208333,1813.0826087,22.44,36.25,4.52083333,5
2024-11-20,FACATATIVA - URBANO,,40.02125,441.64285714,9.99,25.37625,3.91045455,5
2024-11-19,FACATATIVA - URBANO,,39.19291667,427.46666667,8.46291667,18.90958333,3.83086957,5
2024-11-18,FACATATIVA - URBANO,,31.51363636,666.18181818,9.57173913,20.86130435,3.83181818,5
2024-11-17,FACATATIVA - URBANO,,29.05583333,978.45454545,7.86416667,19.56166667,2.67047619,5
2024-11-16,FACATATIVA - URBANO,,33.3425,753.28947368,5.89291667,12.70625,2.50636364,5
2024-11-15,FACATATIVA - URBANO,,35.90041667,873.81578947,7.64041667,19.93625,4.24291667,5
2024-11-14,FACATATIVA - URBANO,,34.08625,615.4375,5.82541667,16.02416667,2.83521739,5
2024-11-13,FACATATIVA - URBANO,,31.65208333,476.07894737,3.62708333,11.16,3.78217391,5
2024-11-12,FACATATIVA - URBANO,,26.90458333,862.23478261,4.43083333,13.10708333,1.59555556,5
2024-11-11,FACATATIVA - URBANO,,35.34291667,1051.49166667,7.175,15.66958333,4.141875,5
2024-11-10,FACATATIVA - URBANO,,32.49208333,889.28333333,4.69791667,10.4525,2.97833333,5
2024-11-09,FACATATIVA - URBANO,,36.88166667,988.03958333,6.29833333,17.12916667,4.53866667,5
2024-11-08,FACATATIVA - URBANO,,35.59708333,999.48958333,9.91333333,22.57541667,3.36636364,5
2024-11-07,FACATATIVA - URBANO,,38.955,975.15833333,10.24083333,26.40541667,4.114375,5
2024-11-06,FACATATIVA - URBANO,,37.24541667,953.2125,9.54583333,24.335,4.58529412,5
2024-11-05,FACATATIVA - URBANO,,33.3875,1030.5,13.33208333,33.7375,4.87222222,5
2024-04-26,FACATATIVA - URBANO,,39.79958333,631.18125,9.25125,19.06916667,4.04333333,5
2024-04-25,FACATATIVA - URBANO,,40.73791667,591.10625,12.635,27.73875,4.005,5
2024-04-24,FACATATIVA - URBANO,,45.05958333,606.85,12.07208333,24.82083333,3.58041667,5
2024-04-23,FACATATIVA - URBANO,,45.59208333,656.46666667,11.88208333,23.64125,3.13083333,5
2024-04-22,FACATATIVA - URBANO,,43.44416667,521.92916667,6.31166667,12.95125,3.18583333,5
2024-04-21,FACATATIVA - URBANO,,41.21166667,484.8826087,5.78041667,11.98916667,3.37958333,5
2024-04-20,FACATATIVA - URBANO,,47.36666667,568.20625,12.74041667,20.8975,3.19833333,5
2024-04-19,FACATATIVA - URBANO,,44.1875,449.4125,10.32125,17.19791667,3.23375,5
2024-04-18,FACATATIVA - URBANO,,46.305,630.22708333,26.30041667,43.81375,3.21458333,5
2024-04-17,FACATATIVA - URBANO,,51.58875,662.66875,30.69708333,54.41666667,3.27958333,5
2024-04-16,FACATATIVA - URBANO,,46.80875,369.2625,22.34416667,37.22818182,5.7652381,5
2024-05-12,FACATATIVA - URBANO,,27.32916667,683.66041667,5.66041667,11.37333333,3.29666667,5
2024-05-11,FACATATIVA - URBANO,,30.03291667,728.31956522,4.70541667,11.79166667,3.2075,5
2024-05-10,FACATATIVA - URBANO,,28.11,726.12083333,3.7325,9.44791667,3.10458333,5
2024-05-09,FACATATIVA - URBANO,,36.37916667,666.9625,6.24,10.91875,3.38583333,5
2024-05-08,FACATATIVA - URBANO,,38.70166667,733.79565217,12.2325,24.74,3.07666667,5
2024-05-07,FACATATIVA - URBANO,,32.71083333,655.5125,8.25458333,20.21,3.89125,5
2024-05-06,FACATATIVA - URBANO,,31.95791667,830.37391304,5.97625,15.66333333,3.07333333,5
2024-05-05,FACATATIVA - URBANO,,31.15833333,784.325,4.48125,9.16375,3.79,5
2024-05-04,FACATATIVA - URBANO,,36.77916667,824.4,10.35583333,20.17166667,3.26875,5
2024-05-03,FACATATIVA - URBANO,,37.745,787.06304348,9.95458333,19.60291667,3.98666667,5
2024-05-02,FACATATIVA - URBANO,,37.00666667,731.36875,10.1775,23.4475,3.41583333,5
2024-05-01,FACATATIVA - URBANO,,34.63583333,759.03958333,6.43208333,14.9975,3.3775,5
2024-04-30,FACATATIVA - URBANO,,40.28666667,790.05,11.72166667,21.21916667,3.12208333,5
2024-04-29,FACATATIVA - URBANO,,39.73958333,734.70833333,11.0675,20.09291667,3.22625,5
2024-04-28,FACATATIVA - URBANO,,38.72291667,658.85208333,6.32583333,13.97,3.10208333,5
2024-04-27,FACATATIVA - URBANO,,40.47458333,644.0625,6.67666667,13.14875,3.59,5
2024-05-28,FACATATIVA - URBANO,,38.92384615,1673.46153846,4.94083333,10.61791667,2.96923077,5
2024-05-27,FACATATIVA - URBANO,,39.96545455,1674.5625,6.62,14.72666667,2.91,5
2024-05-26,FACATATIVA - URBANO,,33.03105263,1517.125,3.41708333,8.19666667,3.73210526,5
2024-05-25,FACATATIVA - URBANO,,35.69095238,1936.68571429,10.8975,23.47708333,3.41571429,5
2024-05-24,FACATATIVA - URBANO,,34.19941176,1819.405,8.72416667,18.80791667,4.79105263,5
2024-05-23,FACATATIVA - URBANO,,29.04619048,1641.3326087,8.7325,21.17791667,3.33416667,5
2024-05-22,FACATATIVA - URBANO,,23.69545455,988.18478261,6.54,16.92125,3.69380952,5
2024-05-21,FACATATIVA - URBANO,,27.88125,128.03181818,5.75791667,16.165,3.8675,5
2024-05-20,FACATATIVA - URBANO,,29.92958333,134.5375,7.0175,19.15375,3.04166667,5
2024-05-19,FACATATIVA - URBANO,,28.38956522,483.08095238,4.24541667,10.9225,3.36625,5
2024-05-18,FACATATIVA - URBANO,,27.29875,288.97619048,7.94291667,20.04916667,3.3925,5
2024-05-17,FACATATIVA - URBANO,,33.22608696,343.5,8.35434783,20.36913043,4.0025,5
2024-05-16,FACATATIVA - URBANO,,31.96875,442.25625,8.80833333,20.14541667,3.33166667,5
2024-05-15,FACATATIVA - URBANO,,31.91916667,600.37826087,7.70458333,16.38708333,3.2675,5
2024-05-14,FACATATIVA - URBANO,,29.62291667,744.7952381,6.75333333,15.16583333,3.09625,5
2024-05-13,FACATATIVA - URBANO,,27.2747619,753.79166667,3.12958333,8.13375,3.32041667,5
2024-06-13,FACATATIVA - URBANO,,32.07842105,2444.87631579,8.15625,18.54166667,3.88210526,5
2024-06-12,FACATATIVA - URBANO,,32.74434783,2307.92173913,6.42875,17.22958333,3.72826087,5
2024-06-11,FACATATIVA - URBANO,,32.258,2320.53333333,7.45041667,20.41791667,4.144,5
2024-06-10,FACATATIVA - URBANO,,32.15904762,2112.25238095,6.81416667,10.69166667,3.19238095,5
2024-06-09,FACATATIVA - URBANO,,31.68722222,2167.23055556,5.80333333,12.245,3.56294118,5
2024-06-08,FACATATIVA - URBANO,,33.2,2304.81764706,6.21,16.72708333,4.17764706,5
2024-06-07,FACATATIVA - URBANO,,30.25,2313.57352941,8.77416667,22.79458333,3.79,5
2024-06-06,FACATATIVA - URBANO,,30.68,2186.95,6.47291667,17.66208333,2.57466667,5
2024-06-05,FACATATIVA - URBANO,,31.58,2016.40526316,6.25541667,15.60625,2.99578947,5
2024-06-04,FACATATIVA - URBANO,,30.68478261,1902.69130435,5.17916667,14.63416667,2.9626087,5
2024-06-03,FACATATIVA - URBANO,,28.10533333,1741.92666667,3.03416667,7.2075,3.264,5
2024-06-02,FACATATIVA - URBANO,,29.45809524,1786.2,4.27416667,10.35833333,3.71428571,5
2024-06-01,FACATATIVA - URBANO,,29.35222222,1804.01111111,4.15833333,12.82458333,3.15111111,5
2024-05-31,FACATATIVA - URBANO,,28.94941176,1641.39117647,4.385,9.59375,2.61294118,5
2024-05-30,FACATATIVA - URBANO,,32.22176471,1705.37647059,5.22291667,12.04833333,3.26,5
2024-05-29,FACATATIVA - URBANO,,35.43466667,1696.89,4.95,9.25416667,3.20533333,5
2024-06-29,FACATATIVA - URBANO,,36.44916667,710.85416667,9.19541667,15.19136364,3.42708333,5
2024-06-28,FACATATIVA - URBANO,,34.83666667,646.44791667,6.905,18.83291667,3.38916667,5
2024-06-27,FACATATIVA - URBANO,,34.26458333,527.69565217,8.1575,20.76541667,3.94625,5
2024-06-26,FACATATIVA - URBANO,,33.48791667,435.1,6.43708333,15.1675,3.24583333,5
2024-06-25,FACATATIVA - URBANO,,32.175,425.28571429,7.51916667,16.1775,2.9875,5
2024-06-24,FACATATIVA - URBANO,,30.75541667,1645.15681818,6.24,15.54166667,3.66333333,5
2024-06-23,FACATATIVA - URBANO,,29.03541667,2671.18958333,4.92833333,10.87958333,3.66291667,5
2024-06-22,FACATATIVA - URBANO,,34.40708333,2916.8875,10.4775,23.65708333,3.1525,5
2024-06-21,FACATATIVA - URBANO,,35.27666667,2807.15833333,8.89541667,21.03083333,3.395,5
2024-06-20,FACATATIVA - URBANO,,36.46625,2615.84791667,8.33,16.64958333,3.20541667,5
2024-06-19,FACATATIVA - URBANO,,37.16291667,2527.11041667,6.39347826,11.59434783,3.23875,5
2024-06-18,FACATATIVA - URBANO,,36.44416667,2706.97083333,7.92375,16.04375,3.61291667,5
2024-06-17,FACATATIVA - URBANO,,33.65083333,2475.58541667,6.52791667,16.35875,3.24166667,5
2024-06-16,FACATATIVA - URBANO,,31.15125,2328.64375,3.23583333,8.07833333,2.95791667,5
2024-06-15,FACATATIVA - URBANO,,33.55083333,2408.31666667,4.6125,10.19833333,3.09083333,5
2024-06-14,FACATATIVA - URBANO,,35.55958333,2492.76041667,9.24375,18.29208333,3.50791667,5
2024-07-15,FACATATIVA - URBANO,,33.14458333,1133.07291667,5.25291667,13.23083333,3.445,5
2024-07-14,FACATATIVA - URBANO,,31.58875,904.07291667,5.0475,9.48583333,3.29,5
2024-07-13,FACATATIVA - URBANO,,34.17041667,861.13541667,4.68625,11.28041667,3.29333333,5
2024-07-12,FACATATIVA - URBANO,,34.69833333,849.20833333,11.21333333,30.15291667,3.86,5
2024-07-11,FACATATIVA - URBANO,,29.66958333,920.48043478,11.33875,33.26083333,3.76791667,5
2024-07-10,FACATATIVA - URBANO,,28.70291667,588.43043478,5.34166667,15.29916667,3.16291667,5
2024-07-09,FACATATIVA - URBANO,,30.76916667,359.92826087,3.82666667,9.89541667,3.32583333,5
2024-07-08,FACATATIVA - URBANO,,28.82708333,917.99130435,5.15,15.29083333,3.06181818,5
2024-07-07,FACATATIVA - URBANO,,30.93333333,900.25625,4.01625,11.36125,2.87416667,5
2024-07-06,FACATATIVA - URBANO,,33.11791667,1176.96458333,8.9275,16.01666667,3.50708333,5
2024-07-05,FACATATIVA - URBANO,,33.10375,862.08958333,4.16375,8.64,3.40208333,5
2024-07-04,FACATATIVA - URBANO,,38.05333333,913.1375,8.46541667,19.84666667,3.73791667,5
2024-07-03,FACATATIVA - URBANO,,35.05833333,810.0875,6.3225,15.39833333,3.22208333,5
2024-07-02,FACATATIVA - URBANO,,34.47041667,866.38333333,7.79333333,21.43833333,3.00083333,5
2024-07-01,FACATATIVA - URBANO,,32.4975,662.66875,6.2325,13.82958333,2.98041667,5
2024-06-30,FACATATIVA - URBANO,,33.015,638.47380952,6.4525,13.245,3.17875,5
2024-07-31,FACATATIVA - URBANO,,35.75416667,596.9025,8.0675,23.83333333,2.98416667,5
2024-07-30,FACATATIVA - URBANO,,32.73791667,544.35208333,9.02041667,28.87708333,3.42791667,5
2024-07-29,FACATATIVA - URBANO,,26.17333333,1309.59375,8.89416667,20.90708333,3.81318182,5
2024-07-28,FACATATIVA - URBANO,,28.03791667,1395.94583333,5.11208333,8.93666667,3.33869565,5
2024-07-27,FACATATIVA - URBANO,,34.40083333,1518.07916667,7.55291667,18.34916667,2.99958333,5
2024-07-26,FACATATIVA - URBANO,,34.31875,1769.50208333,11.09,25.05916667,2.85916667,5
2024-07-25,FACATATIVA - URBANO,,36.19416667,1677.17608696,9.36791667,23.07583333,3.57458333,5
2024-07-24,FACATATIVA - URBANO,,35.47916667,1500.90416667,13.48541667,30.27333333,3.50458333,5
2024-07-23,FACATATIVA - URBANO,,31.74416667,1638.78125,9.37041667,22.16583333,2.95666667,5
2024-07-22,FACATATIVA - URBANO,,28.385,1113.98958333,5.77416667,12.67416667,3.09208333,5
2024-07-21,FACATATIVA - URBANO,,31.11458333,1104.925,6.64625,11.79458333,3.26666667,5
2024-07-20,FACATATIVA - URBANO,,33.13541667,1144.52291667,6.64333333,17.18,3.21208333,5
2024-07-19,FACATATIVA - URBANO,,33.95041667,1075.82291667,6.82916667,20.76083333,3.40708333,5
2024-07-18,FACATATIVA - URBANO,,32.27708333,953.68958333,6.93125,17.5375,2.99833333,5
2024-07-17,FACATATIVA - URBANO,,28.46041667,1120.60652174,6.47541667,17.61333333,3.09458333,5
2024-07-16,FACATATIVA - URBANO,,31.14833333,1099.2,5.145,14.37583333,3.49208333,5
2024-08-16,FACATATIVA - URBANO,,31.23875,1867.09708333,12.1775,25.11083333,3.43333333,5
2024-08-15,FACATATIVA - URBANO,,29.21375,1820.50375,13.66375,30.86125,3.65958333,5
2024-08-14,FACATATIVA - URBANO,,33.4475,1925.85958333,17.14708333,32.38708333,3.30291667,5
2024-08-13,FACATATIVA - URBANO,,30.95041667,1482.14625,6.96416667,14.90625,2.98,5
2024-08-12,FACATATIVA - URBANO,,32.31416667,1434.2875,12.60625,23.30333333,3.42291667,5
2024-08-11,FACATATIVA - URBANO,,29.42958333,1180.825,7.34458333,11.17875,3.1575,5
2024-08-10,FACATATIVA - URBANO,,33.78375,1287.21291667,8.60083333,18.96166667,2.7725,5
2024-08-09,FACATATIVA - URBANO,,36.24916667,1407.37833333,17.06708333,32.90541667,3.37375,5
2024-08-08,FACATATIVA - URBANO,,37.67,1661.32833333,23.18083333,43.66833333,3.68083333,5
2024-08-07,FACATATIVA - URBANO,,35.52291667,1425.19291667,20.21583333,32.37,3.45708333,5
2024-08-06,FACATATIVA - URBANO,,33.7475,1385.18458333,11.65791667,25.76625,3.09166667,5
2024-08-05,FACATATIVA - URBANO,,37.04208333,1292.06666667,14.24916667,28.27333333,3.82208333,5
2024-08-04,FACATATIVA - URBANO,,32.78916667,1281.71,15.61541667,29.17875,3.69458333,5
2024-08-03,FACATATIVA - URBANO,,30.75625,1124.53458333,13.7275,31.03833333,3.40791667,5
2024-08-02,FACATATIVA - URBANO,,36.515,980.48875,11.76541667,30.83666667,2.87875,5
2024-08-01,FACATATIVA - URBANO,,36.195,724.56458333,10.16458333,25.74083333,3.12208333,5
2024-08-19,FACATATIVA - URBANO,,26.656,2001.06541667,10.58875,20.48958333,5.12583333,5
2024-08-18,FACATATIVA - URBANO,,30.39833333,1932.17833333,10.48916667,22.25,4.02125,5
2024-08-17,FACATATIVA - URBANO,,34.26541667,2125.28458333,15.22375,37.79208333,4.28333333,5
2024-11-04,FACATATIVA - URBANO,,33.035,592.5375,5.885,12.28833333,3.39666667,5
2024-11-03,FACATATIVA - URBANO,,35.3325,593.96875,8.77375,14.12,4.466875,5
2024-11-02,FACATATIVA - URBANO,,39.77125,743.29583333,5.84166667,13.55791667,6.00176471,5
2024-11-01,FACATATIVA - URBANO,,41.255,880.69583333,10.15,23.81166667,4.34933333,5
2024-10-31,FACATATIVA - URBANO,,40.97875,587.76666667,12.57,20.77083333,3.609375,5
2024-10-30,FACATATIVA - URBANO,,42.09916667,618.77708333,9.59333333,24.67625,4.94625,5
2024-10-29,FACATATIVA - URBANO,,38.47541667,1371.91818182,13.66541667,36.17791667,5.0147619,5
2024-10-28,FACATATIVA - URBANO,,40.44541667,1646.89166667,12.505,24.09818182,4.22125,5
2024-10-27,FACATATIVA - URBANO,,34.35666667,1389.26666667,5.87166667,11.83791667,4.79833333,5
2024-10-26,FACATATIVA - URBANO,,31.77208333,1517.125,7.7475,18.66791667,4.06333333,5
2024-10-25,FACATATIVA - URBANO,,40.05,1592.98125,12.35708333,31.34583333,5.96166667,5
2024-10-24,FACATATIVA - URBANO,,35.65875,1349.19166667,10.93916667,25.54958333,5.41208333,5
2024-10-23,FACATATIVA - URBANO,,43.465,1300.05208333,11.5225,21.57791667,5.40833333,5
2024-10-22,FACATATIVA - URBANO,,44.85083333,1330.10833333,9.41833333,20.81958333,5.70416667,5
2024-10-21,FACATATIVA - URBANO,,44.27291667,1186.98333333,7.94833333,15.71083333,5.46041667,5
2024-10-20,FACATATIVA - URBANO,,42.68958333,1165.0375,8.19458333,14.68,4.42416667,5
2024-09-17,FACATATIVA - URBANO,,56.16958333,1230.875,10.585,29.56708333,6.18,5
2024-09-16,FACATATIVA - URBANO,,40.03777778,1430.75217391,11.965,32.91666667,4.007,5
2024-10-19,FACATATIVA - URBANO,,46.40083333,1406.44166667,15.825,33.26458333,5.34875,5
2024-10-18,FACATATIVA - URBANO,,42.30291667,1332.01666667,16.645,37.46666667,7.24208333,5
2024-10-17,FACATATIVA - URBANO,,43.41166667,1190.32291667,15.11875,35.32333333,5.69625,5
2024-10-16,FACATATIVA - URBANO,,43.33083333,1010.93958333,12.65208333,29.435,5.53333333,5
2024-10-15,FACATATIVA - URBANO,,43.35708333,1082.50208333,12.18958333,32.65083333,5.34541667,5
2024-10-14,FACATATIVA - URBANO,,37.38416667,964.18541667,10.76791667,22.45125,4.63083333,5
2024-10-13,FACATATIVA - URBANO,,34.98416667,634.04375,6.57375,17.2225,4.40333333,5
2024-10-12,FACATATIVA - URBANO,,32.90041667,1041.95,12.60958333,31.3325,5.07708333,5
2024-10-11,FACATATIVA - URBANO,,31.99208333,999.0125,12.73583333,30.26541667,5.31041667,5
2024-10-10,FACATATIVA - URBANO,,37.00875,593.01458333,10.04416667,23.05333333,3.18875,5
2024-10-09,FACATATIVA - URBANO,,40.14458333,425.08125,9.96458333,19.52083333,6.86333333,5
2024-10-08,FACATATIVA - URBANO,,36.8325,1794.00681818,9.76,21.55636364,4.0252381,5
2024-09-23,FACATATIVA - URBANO,,45.78434783,1751.85,7.50882353,13.97529412,3.4226087,5
2024-09-22,FACATATIVA - URBANO,,48.71208333,1745.17083333,10.95708333,21.49083333,4.52875,5
2024-09-21,FACATATIVA - URBANO,,57.85958333,1784.76875,17.07583333,29.72375,5.28541667,5
2024-09-20,FACATATIVA - URBANO,,55.53083333,1693.16875,20.365,45.26958333,4.99625,5
2024-09-19,FACATATIVA - URBANO,,60.27708333,1560.53958333,18.68458333,37.56708333,5.00041667,5
2024-09-18,FACATATIVA - URBANO,,59.52666667,1415.98333333,12.86541667,38.44875,4.1075,5
2025-11-02,FACATATIVA - URBANO,,16.92833333,1299.575,12.34583333,26.08041667,9.08166667,5
2025-11-01,FACATATIVA - URBANO,,19.51791667,1359.21041667,14.93041667,35.09458333,8.895,5
2025-10-31,FACATATIVA - URBANO,,18.55708333,1178.39583333,15.52083333,40.62708333,8.57958333,5
2025-10-30,FACATATIVA - URBANO,,21.30583333,1331.53958333,18.70541667,45.10458333,8.92708333,5
2025-10-29,FACATATIVA - URBANO,,18.72041667,1192.23125,14.50458333,38.52375,9.0475,5
2025-10-28,FACATATIVA - URBANO,,16.97375,941.28541667,13.67958333,31.21791667,7.82,5
2025-10-27,FACATATIVA - URBANO,,21.78125,889.28333333,15.29,33.42875,8.20208333,5
2025-10-26,FACATATIVA - URBANO,,21.22458333,676.98125,7.88695652,15.82869565,7.95958333,5
2025-10-25,FACATATIVA - URBANO,,23.6675,817.24375,10.89625,23.20625,7.97125,5
2025-10-24,FACATATIVA - URBANO,,24.21958333,666.48541667,9.13291667,18.22333333,8.17458333,5
2025-10-23,FACATATIVA - URBANO,,23.05291667,739.27173913,13.26958333,23.39458333,8.12125,5
2025-07-29,FACATATIVA - URBANO,,,849.20833333,8.55375,21.815,4.96791667,4
2025-07-28,FACATATIVA - URBANO,,,657.89791667,6.52333333,20.62791667,4.71208333,4
2025-07-27,FACATATIVA - URBANO,,,668.39375,4.03041667,10.20416667,4.36791667,4
2025-07-21,FACATATIVA - URBANO,,,584.42708333,5.83458333,12.1675,0.4875,4
2025-07-20,FACATATIVA - URBANO,,,472.3125,5.61708333,11.98541667,0.84291667,4
2025-07-19,FACATATIVA - URBANO,,,353.99583333,7.12666667,15.69708333,1.00833333,4
2025-07-23,FACATATIVA - URBANO,,,772.875,8.82666667,19.50125,1.03916667,4
2025-07-24,FACATATIVA - URBANO,,,781.93958333,8.39375,20.555,1.80208333,4
2025-07-25,FACATATIVA - URBANO,,,842.52916667,8.43875,19.7025,4.99166667,4
2025-07-22,FACATATIVA - URBANO,,,919.81666667,9.24791667,21.01916667,0.83826087,4
2025-07-26,FACATATIVA - URBANO,,,985.65416667,9.16375,23.08166667,5.0425,4
2024-09-04,FACATATIVA - URBANO,,,835.37291667,37.53666667,57.05708333,5.94458333,4
2024-09-05,FACATATIVA - URBANO,,,661.71458333,13.61458333,37.39125,5.06916667,4
2024-09-06,FACATATIVA - URBANO,,,861.6125,18.54791667,38.62916667,4.395,4
2024-09-07,FACATATIVA - URBANO,,,886.42083333,20.125,33.9875,4.8025,4
2024-09-08,FACATATIVA - URBANO,,,693.47173913,13.22791667,26.05291667,3.68,4
2024-09-09,FACATATIVA - URBANO,,,956.55208333,17.83125,40.22125,4.73708333,4
2024-09-10,FACATATIVA - URBANO,,,910.75208333,12.88208333,23.76875,3.89375,4
2024-09-11,FACATATIVA - URBANO,,,1290.51041667,17.49041667,39.67916667,6.08875,4
2024-09-12,FACATATIVA - URBANO,,,1451.2875,19.48083333,40.72291667,5.83208333,4
2024-09-13,FACATATIVA - URBANO,,,1192.70833333,13.46666667,33.47,5.04958333,4
2024-09-14,FACATATIVA - URBANO,,,1370.18333333,13.36583333,33.07916667,5.85666667,4
2024-08-22,FACATATIVA - URBANO,,,2507.34083333,16.56,38.80208333,4.19083333,4
2024-08-21,FACATATIVA - URBANO,,,2385.90458333,14.30291667,34.645,4.99625,4
2024-08-24,FACATATIVA - URBANO,,,2596.26916667,11.8625,23.89041667,3.74333333,4
2024-08-30,FACATATIVA - URBANO,,,675.07291667,25.1675,45.34375,4.42708333,4
2024-08-28,FACATATIVA - URBANO,,,230.90833333,15.72541667,33.83625,4.13416667,4
2024-08-27,FACATATIVA - URBANO,,,1716.49826087,24.53125,45.72041667,4.5295,4
2024-08-25,FACATATIVA - URBANO,,,2423.96958333,8.09,15.20416667,4.10458333,4
2024-08-26,FACATATIVA - URBANO,,,2609.47333333,15.46208333,28.22541667,3.3775,4
2024-08-20,FACATATIVA - URBANO,,,2171.98125,12.15541667,28.53916667,4.76458333,4
2024-09-15,FACATATIVA - URBANO,,,1284.30833333,10.21875,23.86291667,5.08708333,4
2024-08-23,FACATATIVA - URBANO,,,2691.89541667,16.03583333,35.38666667,3.59916667,4
2024-09-03,FACATATIVA - URBANO,,,739.95625,27.15208333,44.65083333,3.99,4
2024-09-02,FACATATIVA - URBANO,,,794.82083333,32.285,41.395,3.21458333,4
2024-08-29,FACATATIVA - URBANO,,,280.04791667,12.1,29.97666667,3.85,4
2024-09-01,FACATATIVA - URBANO,,,630.22708333,31.26625,39.62541667,3.36125,4
2024-08-31,FACATATIVA - URBANO,,,684.1375,31.34916667,50.36166667,3.95208333,4
2025-03-03,FACATATIVA - URBANO,,,423.65,16.41666667,29.92444444,3.3675,4
2025-01-31,FACATATIVA - URBANO,,,328.27541667,11.55,32.39916667,2.72125,4
2025-02-17,FACATATIVA - URBANO,,,397.8875,7.75291667,14.67583333,2.78291667,4
2025-02-18,FACATATIVA - URBANO,,,647.44545455,16.47791667,29.0425,2.76954545,4
2025-02-19,FACATATIVA - URBANO,,,609.7125,21.055,35.24125,3.37095238,4
2025-02-20,FACATATIVA - URBANO,,,722.23076923,20.72833333,38.60833333,2.65875,4
2025-02-21,FACATATIVA - URBANO,,,759.22307692,16.00708333,32.92458333,1.93166667,4
2025-02-22,FACATATIVA - URBANO,,,741.70555556,13.17875,27.31708333,1.16454545,4
2025-02-23,FACATATIVA - URBANO,,,770.67307692,11.54166667,19.99333333,2.57909091,4
2025-02-24,FACATATIVA - URBANO,,,836.89090909,9.48583333,20.71875,1.99904762,4
2025-02-25,FACATATIVA - URBANO,,,984.7,15.99333333,30.71208333,2.03782609,4
2025-02-26,FACATATIVA - URBANO,,,960.16428571,15.71631579,30.67526316,2.325,4
2025-02-27,FACATATIVA - URBANO,,,328.00882353,15.00578947,32.46315789,5.16222222,4
2025-02-28,FACATATIVA - URBANO,,,297.7,10.92791667,23.50541667,2.33347826,4
2025-03-01,FACATATIVA - URBANO,,,186.25333333,14.49333333,26.50208333,2.94708333,4
2025-03-02,FACATATIVA - URBANO,,,152.49318182,12.48227273,21.72818182,2.91227273,4
2025-02-14,FACATATIVA - URBANO,,,539.19090909,14.48041667,27.13041667,2.76217391,4
2025-02-13,FACATATIVA - URBANO,,,551.89,8.69958333,17.68291667,1.365,4
2025-02-12,FACATATIVA - URBANO,,,405.15384615,11.57,21.96958333,3.23208333,4
2025-02-11,FACATATIVA - URBANO,,,287.52222222,12.1925,24.88916667,0.83043478,4
2025-02-10,FACATATIVA - URBANO,,,286.007,13.61208333,22.01375,3.5605,4
2025-02-09,FACATATIVA - URBANO,,,295.91823529,12.30294118,17.47647059,7.6075,4
2025-02-08,FACATATIVA - URBANO,,,337.77833333,15.67375,25.02291667,2.57434783,4
2025-02-07,FACATATIVA - URBANO,,,453.365,18.12916667,31.89291667,2.9535,4
2025-02-06,FACATATIVA - URBANO,,,409.14625,15.70458333,26.87916667,2.44458333,4
2025-02-05,FACATATIVA - URBANO,,,393.39375,17.98208333,29.50583333,2.24181818,4
2025-02-04,FACATATIVA - URBANO,,,403.20875,17.35708333,35.26166667,2.39619048,4
2025-02-03,FACATATIVA - URBANO,,,559.75708333,16.10333333,35.2325,3.22208333,4
2025-02-02,FACATATIVA - URBANO,,,550.29791667,18.47083333,33.80166667,2.47375,4
2025-02-01,FACATATIVA - URBANO,,,472.61791667,14.18958333,33.43708333,3.63913043,4
2025-02-15,FACATATIVA - URBANO,,,468.49583333,11.5675,24.60041667,3.32590909,4
2025-01-15,FACATATIVA - URBANO,,,746.24125,16.01541667,36.02916667,3.63916667,4
2025-01-29,FACATATIVA - URBANO,,,1245.31608696,17.60869565,45.49782609,3.717,4
2025-01-28,FACATATIVA - URBANO,,,1181.57541667,13.40083333,37.79291667,2.75956522,4
2025-01-27,FACATATIVA - URBANO,,,895.88208333,13.76375,40.72208333,2.22809524,4
2025-01-26,FACATATIVA - URBANO,,,646.94208333,6.95625,22.00125,1.88913043,4
2025-01-25,FACATATIVA - URBANO,,,896.06875,12.67375,33.24541667,1.92958333,4
2025-01-24,FACATATIVA - URBANO,,,1422.28708333,20.71916667,49.68333333,1.29043478,4
2025-01-23,FACATATIVA - URBANO,,,1627.42041667,18.78458333,46.23375,3.88272727,4
2025-01-22,FACATATIVA - URBANO,,,1384.53458333,16.34041667,41.29916667,3.54130435,4
2025-01-21,FACATATIVA - URBANO,,,1302.68625,19.585625,43.466875,1.623125,4
2025-01-20,FACATATIVA - URBANO,,,1230.97208333,20.63041667,42.1975,3.65375,4
2025-01-19,FACATATIVA - URBANO,,,1031.38916667,17.45458333,31.17416667,3.5675,4
2025-01-18,FACATATIVA - URBANO,,,1028.21434783,18.55565217,42.09304348,3.02173913,4
2025-01-17,FACATATIVA - URBANO,,,1029.85545455,16.74545455,37.72272727,3.15363636,4
2025-01-16,FACATATIVA - URBANO,,,859.36090909,14.50454545,35.84363636,3.68136364,4
2025-01-30,FACATATIVA - URBANO,,,344.03304348,12.35043478,35.56086957,8.48181818,4
2025-01-14,FACATATIVA - URBANO,,,743.84916667,17.3125,33.68,3.64625,4
2025-07-17,FACATATIVA - URBANO,,,481.37708333,8.295,23.30791667,1.45791667,4
2025-04-12,FACATATIVA - URBANO,,,353.51875,12.63458333,23.09625,4.17375,4
2025-04-06,FACATATIVA - URBANO,,,240.94782609,6.02833333,10.22583333,4.15166667,4
2025-04-07,FACATATIVA - URBANO,,,395.025,9.65125,20.22666667,5.10375,4
2025-04-08,FACATATIVA - URBANO,,,398.84166667,8.37541667,21.22041667,4.25375,4
2025-04-09,FACATATIVA - URBANO,,,379.28125,11.54666667,30.53625,4.72916667,4
2025-04-10,FACATATIVA - URBANO,,,480.42291667,6.81416667,15.38416667,3.88695652,4
2025-04-11,FACATATIVA - URBANO,,,554.37083333,8.72708333,20.88791667,4.63,4
2025-04-05,FACATATIVA - URBANO,,,481.85416667,8.50791667,18.42333333,4.58708333,4
2025-04-14,FACATATIVA - URBANO,,,718.36304348,14.79208333,34.45875,4.07590909,4
2025-07-16,FACATATIVA - URBANO,,,613.72,10.266,25.366,1.72533333,4
2025-07-14,FACATATIVA - URBANO,,,845.49210526,7.13958333,16.2675,5.489375,4
2025-07-09,FACATATIVA - URBANO,,,874.97083333,8.84666667,22.08833333,4.89833333,4
2025-05-21,FACATATIVA - URBANO,,,796.72916667,10.81541667,30.17583333,5.18041667,4
2025-03-04,FACATATIVA - URBANO,,,230.90833333,17.81041667,30.63875,2.14130435,4
2025-04-04,FACATATIVA - URBANO,,,151.7125,10.775,22.81041667,4.22125,4
2025-04-03,FACATATIVA - URBANO,,,296.70434783,14.34208333,30.78875,5.33833333,4
2025-04-02,FACATATIVA - URBANO,,,288.15833333,17.59833333,36.10083333,4.91916667,4
2025-04-01,FACATATIVA - URBANO,,,229.0,15.50916667,32.12666667,5.45791667,4
2025-03-31,FACATATIVA - URBANO,,,371.17083333,10.74,23.55541667,4.61291667,4
2025-03-30,FACATATIVA - URBANO,,,342.54583333,12.53375,18.50625,4.05,4
2025-03-29,FACATATIVA - URBANO,,,338.72916667,18.5575,30.48625,4.81208333,4
2025-03-28,FACATATIVA - URBANO,,,829.37826087,21.05291667,33.76083333,4.96904762,4
2025-03-27,FACATATIVA - URBANO,,,1328.2,18.83083333,33.6775,4.34375,4
2025-03-26,FACATATIVA - URBANO,,,1288.125,21.07791667,38.44375,5.03083333,4
2025-03-25,FACATATIVA - URBANO,,,1344.89791667,20.65083333,44.1275,4.53125,4
2025-03-24,FACATATIVA - URBANO,,,982.31458333,16.06875,31.00291667,5.04625,4
2025-03-23,FACATATIVA - URBANO,,,774.30625,16.48541667,27.97541667,4.865,4
2025-03-22,FACATATIVA - URBANO,,,668.87083333,14.15541667,27.06416667,5.27708333,4
2025-03-21,FACATATIVA - URBANO,,,718.96458333,10.14416667,25.55416667,4.61333333,4
2025-03-20,FACATATIVA - URBANO,,,448.04347826,8.65541667,20.98416667,4.61458333,4
2025-04-13,FACATATIVA - URBANO,,,370.69375,10.63083333,23.41208333,4.38291667,4
2025-07-18,FACATATIVA - URBANO,,,350.12894737,7.79625,21.68,0.72217391,4
2025-05-19,FACATATIVA - URBANO,,,680.79791667,8.72625,22.11083333,5.9825,4
2025-05-20,FACATATIVA - URBANO,,,505.23125,6.12458333,14.26541667,5.92541667,4
2025-03-06,FACATATIVA - URBANO,,,179.03636364,10.4875,20.50833333,4.67956522,4
2025-03-07,FACATATIVA - URBANO,,,233.48043478,13.19416667,23.11208333,4.39916667,4
2025-03-08,FACATATIVA - URBANO,,,276.23125,14.61,25.25208333,3.99916667,4
2025-03-09,FACATATIVA - URBANO,,,347.31666667,14.75,23.74458333,4.83875,4
2025-03-10,FACATATIVA - URBANO,,,442.93421053,19.81842105,37.97368421,9.31833333,4
2025-03-11,FACATATIVA - URBANO,,,265.25833333,21.34041667,36.48291667,6.12916667,4
2025-03-12,FACATATIVA - URBANO,,,320.12291667,7.38625,16.91208333,4.17375,4
2025-03-13,FACATATIVA - URBANO,,,177.475,18.66125,35.75375,4.56333333,4
2025-03-14,FACATATIVA - URBANO,,,167.06590909,11.90208333,20.64625,4.64166667,4
2025-03-15,FACATATIVA - URBANO,,,165.54791667,16.7225,25.58791667,4.57625,4
2025-03-16,FACATATIVA - URBANO,,,175.7326087,10.58541667,17.96875,4.49125,4
2025-03-17,FACATATIVA - URBANO,,,215.16458333,9.75958333,20.2475,4.15625,4
2025-03-18,FACATATIVA - URBANO,,,193.69583333,6.93,15.56333333,4.63916667,4
2025-02-16,FACATATIVA - URBANO,,,392.1625,9.00958333,16.29541667,3.06625,4
2025-03-19,FACATATIVA - URBANO,,,192.04772727,15.14833333,29.92333333,5.18083333,4
2025-03-05,FACATATIVA - URBANO,,,236.28636364,12.56708333,23.34125,0.93947368,4
2024-10-05,FACATATIVA - URBANO,,43.76541667,2060.04583333,,,6.0825,3
2024-10-07,FACATATIVA - URBANO,,43.105,2390.1875,,,5.95375,3
2024-10-02,FACATATIVA - URBANO,,39.755,2205.07916667,,,5.92833333,3
2024-10-04,FACATATIVA - URBANO,,43.33375,2211.75833333,,,6.16,3
2024-10-03,FACATATIVA - URBANO,,41.54416667,2307.65208333,,,7.24833333,3
2024-09-24,FACATATIVA - URBANO,,42.36041667,1945.54583333,,,7.17625,3
2024-09-25,FACATATIVA - URBANO,,40.985,2002.31875,,,5.45875,3
2024-09-26,FACATATIVA - URBANO,,42.37625,1975.60208333,,,5.74916667,3
2024-09-27,FACATATIVA - URBANO,,46.1775,2038.57708333,,,6.27666667,3
2024-09-28,FACATATIVA - URBANO,,42.79958333,1929.80208333,,,5.43625,3
2024-09-29,FACATATIVA - URBANO,,39.18041667,1774.25217391,,,5.35541667,3
2024-09-30,FACATATIVA - URBANO,,43.84458333,2290.95416667,,,5.515,3
2024-10-01,FACATATIVA - URBANO,,43.12625,2417.85833333,,,6.29375,3
2024-04-08,FACATATIVA - URBANO,,34.32541667,1642.59791667,,,3.31541667,3
2024-04-10,FACATATIVA - URBANO,,37.4075,2005.18125,,,4.83,3
2024-03-10,FACATATIVA - URBANO,,31.19333333,683.18333333,,,3.50666667,3
2024-03-11,FACATATIVA - URBANO,,35.63583333,799.59166667,,,3.24916667,3
2024-03-12,FACATATIVA - URBANO,,33.36208333,784.325,,,3.85583333,3
2024-03-13,FACATATIVA - URBANO,,35.37708333,855.41041667,,,3.45958333,3
2024-03-14,FACATATIVA - URBANO,,36.92708333,937.46875,,,3.91,3
2024-03-15,FACATATIVA - URBANO,,33.99208333,1056.73958333,,,3.81208333,3
2024-03-16,FACATATIVA - URBANO,,36.84583333,1170.28541667,,,3.57791667,3
2024-03-17,FACATATIVA - URBANO,,31.78041667,1008.07708333,,,3.69041667,3
2024-03-18,FACATATIVA - URBANO,,36.2025,1055.78541667,,,4.15125,3
2024-03-19,FACATATIVA - URBANO,,36.82791667,1147.8625,,,3.75833333,3
2024-03-20,FACATATIVA - URBANO,,35.16791667,1321.52083333,,,3.50541667,3
2024-03-21,FACATATIVA - URBANO,,31.83041667,1142.1375,,,3.26166667,3
2024-03-22,FACATATIVA - URBANO,,38.18375,1376.38541667,,,3.48083333,3
2024-03-23,FACATATIVA - URBANO,,38.93166667,1382.5875,,,3.05,3
2024-04-13,FACATATIVA - URBANO,,41.83291667,2079.12916667,,,4.3175,3
2024-04-14,FACATATIVA - URBANO,,37.30333333,2071.40909091,,,3.33666667,3
2024-04-15,FACATATIVA - URBANO,,54.160625,337.775,,,19.41,3
2024-03-26,FACATATIVA - URBANO,,30.07291667,1228.0125,,,2.71041667,3
2024-03-27,FACATATIVA - URBANO,,34.36958333,1349.66875,,,3.29375,3
2024-03-28,FACATATIVA - URBANO,,26.62541667,1224.19583333,,,2.83208333,3
2024-03-29,FACATATIVA - URBANO,,25.44708333,1200.34166667,,,2.50875,3
2024-03-30,FACATATIVA - URBANO,,34.85958333,1436.49791667,,,3.25217391,3
2024-03-31,FACATATIVA - URBANO,,32.64083333,1613.01875,,,2.70458333,3
2024-04-01,FACATATIVA - URBANO,,37.39291667,1546.22708333,,,3.39291667,3
2024-04-02,FACATATIVA - URBANO,,40.29416667,1593.93541667,,,3.16208333,3
2024-04-03,FACATATIVA - URBANO,,40.95958333,1686.96666667,,,3.26541667,3
2024-04-04,FACATATIVA - URBANO,,38.48083333,1625.9,,,2.98347826,3
2024-04-05,FACATATIVA - URBANO,,33.88916667,1549.08958333,,,3.09583333,3
2024-04-06,FACATATIVA - URBANO,,28.30125,1511.87708333,,,2.89375,3
2024-04-07,FACATATIVA - URBANO,,28.735,1615.40416667,,,4.31041667,3
2024-04-12,FACATATIVA - URBANO,,40.745,2044.30208333,,,3.51333333,3
2024-04-11,FACATATIVA - URBANO,,41.11708333,2047.16458333,,,3.08208333,3
2024-10-06,FACATATIVA - URBANO,,39.26625,2102.02916667,,,4.63708333,3
2024-03-09,FACATATIVA - URBANO,,39.78666667,883.55833333,,,2.64708333,3
2024-03-06,FACATATIVA - URBANO,,38.44125,640.24583333,,,4.03458333,3
2024-03-05,FACATATIVA - URBANO,,37.83875,641.2,,,3.06916667,3
2024-03-24,FACATATIVA - URBANO,,30.82333333,1207.02083333,,,3.31833333,3
2024-03-25,FACATATIVA - URBANO,,27.60416667,1129.73333333,,,3.47625,3
2024-02-11,FACATATIVA - URBANO,,28.285,781.93958333,,,3.62708333,3
2024-02-10,FACATATIVA - URBANO,,29.36291667,714.67083333,,,3.10083333,3
2024-02-07,FACATATIVA - URBANO,,31.31041667,700.83541667,,,3.63416667,3
2024-02-08,FACATATIVA - URBANO,,34.75458333,818.19791667,,,3.54,3
2024-03-07,FACATATIVA - URBANO,,39.78416667,729.9375,,,3.30791667,3
2024-03-08,FACATATIVA - URBANO,,38.54208333,806.27083333,,,3.59791667,3
2024-03-03,FACATATIVA - URBANO,,26.42041667,380.23541667,,,2.98375,3
2024-03-04,FACATATIVA - URBANO,,31.93291667,469.45,,,2.51708333,3
2024-02-09,FACATATIVA - URBANO,,34.50958333,691.29375,,,3.77791667,3
2024-02-01,FACATATIVA - URBANO,,34.60333333,664.1,,,3.01,3
2024-01-28,FACATATIVA - URBANO,,32.72166667,581.0875,,,2.99083333,3
2024-01-29,FACATATIVA - URBANO,,37.2625,580.61041667,,,3.12458333,3
2024-01-26,FACATATIVA - URBANO,,42.56416667,767.15,,,5.25,3
2024-01-27,FACATATIVA - URBANO,,36.49416667,693.20208333,,,3.46875,3
2024-01-31,FACATATIVA - URBANO,,37.4,693.67916667,,,3.00125,3
2024-01-30,FACATATIVA - URBANO,,35.7675,683.66041667,,,3.91625,3
2024-02-02,FACATATIVA - URBANO,,36.6075,589.19791667,,,3.42833333,3
2024-02-03,FACATATIVA - URBANO,,29.39416667,503.8,,,2.85625,3
2024-02-04,FACATATIVA - URBANO,,32.40125,580.13333333,,,2.78625,3
2024-02-05,FACATATIVA - URBANO,,33.52625,650.74166667,,,3.56166667,3
2024-02-06,FACATATIVA - URBANO,,30.54083333,758.5625,,,3.17375,3
2023-12-08,FACATATIVA - URBANO,,29.91769231,657.93461538,,,3.33538462,3
2023-12-09,FACATATIVA - URBANO,,33.77625,895.79411765,,,4.44933333,3
2023-12-10,FACATATIVA - URBANO,,30.97571429,845.66428571,,,4.02619048,3
2023-05-08,FACATATIVA - URBANO,,,,14.00416667,32.97291667,,2
2023-05-09,FACATATIVA - URBANO,,,,8.13083333,21.38291667,,2
2023-05-10,FACATATIVA - URBANO,,,,12.94041667,28.49782609,,2
2023-05-11,FACATATIVA - URBANO,,,,8.94916667,22.26125,,2
2023-05-12,FACATATIVA - URBANO,,,,10.66916667,27.92125,,2
2023-05-13,FACATATIVA - URBANO,,,,10.30833333,22.47291667,,2
2023-05-14,FACATATIVA - URBANO,,,,4.88708333,10.61875,,2
2023-05-15,FACATATIVA - URBANO,,,,7.74666667,21.4075,,2
2023-05-16,FACATATIVA - URBANO,,,,12.74,25.46043478,,2
2023-05-17,FACATATIVA - URBANO,,,,11.43,23.9525,,2
2023-05-18,FACATATIVA - URBANO,,,,9.28875,19.62333333,,2
2023-05-19,FACATATIVA - URBANO,,,,7.76916667,20.69666667,,2
2023-05-20,FACATATIVA - URBANO,,,,8.73166667,22.62625,,2
2023-05-21,FACATATIVA - URBANO,,,,10.06583333,19.40333333,,2
2023-05-22,FACATATIVA - URBANO,,,,6.94791667,25.83833333,,2
2023-05-23,FACATATIVA - URBANO,,,,9.77666667,16.0575,,2
2023-06-22,FACATATIVA - URBANO,,,,8.00875,19.06958333,,2
2023-06-23,FACATATIVA - URBANO,,,,9.98083333,24.1225,,2
2023-06-24,FACATATIVA - URBANO,,,,8.31041667,17.55875,,2
2023-05-24,FACATATIVA - URBANO,,,,13.28375,21.48304348,,2
2023-05-25,FACATATIVA - URBANO,,,,5.45217391,11.82291667,,2
2023-05-26,FACATATIVA - URBANO,,,,8.94291667,23.05166667,,2
2023-05-27,FACATATIVA - URBANO,,,,8.82,20.7775,,2
2023-05-28,FACATATIVA - URBANO,,,,5.8475,14.26125,,2
2023-05-29,FACATATIVA - URBANO,,,,11.73541667,26.65916667,,2
2023-05-30,FACATATIVA - URBANO,,,,8.7275,24.15416667,,2
2023-05-31,FACATATIVA - URBANO,,,,8.42375,21.21666667,,2
2023-06-01,FACATATIVA - URBANO,,,,5.81333333,13.32333333,,2
2023-06-02,FACATATIVA - URBANO,,,,6.73333333,16.47208333,,2
2023-06-03,FACATATIVA - URBANO,,,,9.32458333,22.41125,,2
2023-06-04,FACATATIVA - URBANO,,,,8.34,18.51833333,,2
2023-06-05,FACATATIVA - URBANO,,,,7.45083333,14.86375,,2
2023-10-03,FACATATIVA - URBANO,,,,10.689,19.3675,,2
2023-10-04,FACATATIVA - URBANO,,,,10.44125,19.93875,,2
2023-10-05,FACATATIVA - URBANO,,,,13.63375,26.3825,,2
2023-10-06,FACATATIVA - URBANO,,,,12.2275,23.45708333,,2
2023-10-07,FACATATIVA - URBANO,,,,10.80125,18.84416667,,2
2023-10-08,FACATATIVA - URBANO,,,,8.08208333,14.17791667,,2
2023-10-09,FACATATIVA - URBANO,,,,8.725,19.58458333,,2
2023-10-10,FACATATIVA - URBANO,,,,7.02541667,14.90833333,,2
2023-10-11,FACATATIVA - URBANO,,,,10.56875,24.82333333,,2
2023-10-12,FACATATIVA - URBANO,,,,11.07541667,23.03833333,,2
2023-10-13,FACATATIVA - URBANO,,,,14.14083333,31.37,,2
2023-10-14,FACATATIVA - URBANO,,,,11.86541667,25.29875,,2
2023-10-15,FACATATIVA - URBANO,,,,9.86166667,17.84833333,,2
2023-10-16,FACATATIVA - URBANO,,,,9.94833333,18.63,,2
2023-10-17,FACATATIVA - URBANO,,,,10.82,22.76,,2
2023-09-13,FACATATIVA - URBANO,,,,11.51,24.11125,,2
2023-09-14,FACATATIVA - URBANO,,,,10.10916667,23.74541667,,2
2023-09-15,FACATATIVA - URBANO,,,,9.01666667,22.58791667,,2
2023-09-16,FACATATIVA - URBANO,,,,11.49458333,23.90041667,,2
2023-09-17,FACATATIVA - URBANO,,,,7.61,14.82583333,,2
2023-09-18,FACATATIVA - URBANO,,,,12.74041667,28.39583333,,2
2023-09-19,FACATATIVA - URBANO,,,,12.01875,30.18291667,,2
2023-09-20,FACATATIVA - URBANO,,,,13.48583333,31.60333333,,2
2023-09-21,FACATATIVA - URBANO,,,,12.48111111,25.33666667,,2
2023-09-25,FACATATIVA - URBANO,,,,7.676875,18.815625,,2
2023-09-26,FACATATIVA - URBANO,,,,11.91875,27.09333333,,2
2023-09-27,FACATATIVA - URBANO,,,,14.3125,28.39416667,,2
2023-09-28,FACATATIVA - URBANO,,,,16.87291667,32.76125,,2
2023-09-29,FACATATIVA - URBANO,,,,12.56291667,28.06708333,,2
2023-09-30,FACATATIVA - URBANO,,,,12.42666667,25.13541667,,2
2023-10-01,FACATATIVA - URBANO,,,,7.585,14.8525,,2
2023-08-28,FACATATIVA - URBANO,,,,11.97916667,27.5525,,2
2023-08-29,FACATATIVA - URBANO,,,,11.76625,29.02416667,,2
2023-08-30,FACATATIVA - URBANO,,,,11.61333333,31.19833333,,2
2023-08-31,FACATATIVA - URBANO,,,,13.2325,33.805,,2
2023-09-01,FACATATIVA - URBANO,,,,16.73458333,34.69625,,2
2023-09-02,FACATATIVA - URBANO,,,,14.35458333,30.41833333,,2
2023-09-03,FACATATIVA - URBANO,,,,13.66,22.1575,,2
2023-09-04,FACATATIVA - URBANO,,,,9.70958333,22.11208333,,2
2023-09-05,FACATATIVA - URBANO,,,,8.8126087,22.14956522,,2
2023-09-06,FACATATIVA - URBANO,,,,11.93958333,28.59416667,,2
2023-09-07,FACATATIVA - URBANO,,,,11.96375,27.46666667,,2
2023-09-08,FACATATIVA - URBANO,,,,11.91458333,31.35208333,,2
2023-09-09,FACATATIVA - URBANO,,,,11.82666667,27.20583333,,2
2023-09-10,FACATATIVA - URBANO,,,,11.30958333,17.86,,2
2023-10-19,FACATATIVA - URBANO,,,,8.165,23.04291667,,2
2023-10-20,FACATATIVA - URBANO,,,,12.79833333,30.16375,,2
2023-10-21,FACATATIVA - URBANO,,,,10.89708333,24.86083333,,2
2023-10-22,FACATATIVA - URBANO,,,,8.56291667,17.19416667,,2
2023-10-23,FACATATIVA - URBANO,,,,12.7575,25.34625,,2
2023-10-24,FACATATIVA - URBANO,,,,12.35083333,25.22625,,2
2023-10-25,FACATATIVA - URBANO,,,,12.37875,25.63916667,,2
2023-10-26,FACATATIVA - URBANO,,,,10.74166667,21.75291667,,2
2023-10-27,FACATATIVA - URBANO,,,,6.38583333,12.54458333,,2
2023-10-28,FACATATIVA - URBANO,,,,5.3325,10.31625,,2
2023-10-29,FACATATIVA - URBANO,,,,4.16416667,9.56958333,,2
2023-10-30,FACATATIVA - URBANO,,,,9.52416667,19.60666667,,2
2023-10-31,FACATATIVA - URBANO,,,,5.94,14.05875,,2
2023-11-01,FACATATIVA - URBANO,,,,4.58833333,11.61875,,2
2023-11-02,FACATATIVA - URBANO,,,,8.235,15.30166667,,2
2023-10-02,FACATATIVA - URBANO,,,,10.83083333,22.31375,,2
2023-09-11,FACATATIVA - URBANO,,,,7.43208333,16.66583333,,2
2023-09-12,FACATATIVA - URBANO,,,,11.97333333,26.67875,,2
2025-07-15,FACATATIVA - URBANO,,,927.45,,25.613,,2
2023-08-12,FACATATIVA - URBANO,,,,8.87625,21.26833333,,2
2023-08-13,FACATATIVA - URBANO,,,,5.26708333,12.33375,,2
2023-08-14,FACATATIVA - URBANO,,,,11.10583333,25.45541667,,2
2023-08-15,FACATATIVA - URBANO,,,,6.80666667,15.7125,,2
2023-08-16,FACATATIVA - URBANO,,,,11.69541667,26.18166667,,2
2023-08-17,FACATATIVA - URBANO,,,,10.5775,23.93875,,2
2023-08-18,FACATATIVA - URBANO,,,,15.28652174,32.77130435,,2
2023-08-19,FACATATIVA - URBANO,,,,13.69875,25.99083333,,2
2023-11-03,FACATATIVA - URBANO,,,,8.69708333,19.69416667,,2
2023-11-04,FACATATIVA - URBANO,,,,7.56291667,17.62958333,,2
2023-11-05,FACATATIVA - URBANO,,,,9.46791667,19.98666667,,2
2023-11-06,FACATATIVA - URBANO,,,,7.03458333,15.11958333,,2
2023-11-07,FACATATIVA - URBANO,,,,7.41208333,18.96958333,,2
2023-11-08,FACATATIVA - URBANO,,,,9.55541667,25.5925,,2
2023-10-18,FACATATIVA - URBANO,,,,9.23041667,20.75875,,2
2024-12-31,FACATATIVA - URBANO,,,,17.73454545,26.60761905,,2
2023-08-20,FACATATIVA - URBANO,,,,9.25666667,16.05666667,,2
2023-08-21,FACATATIVA - URBANO,,,,7.46041667,12.34791667,,2
2023-08-22,FACATATIVA - URBANO,,,,8.13,19.36416667,,2
2023-08-23,FACATATIVA - URBANO,,,,9.6375,21.31,,2
2023-08-24,FACATATIVA - URBANO,,,,11.07541667,21.35583333,,2
2023-08-25,FACATATIVA - URBANO,,,,13.23791667,29.39083333,,2
2023-08-26,FACATATIVA - URBANO,,,,13.72,29.035,,2
2023-08-27,FACATATIVA - URBANO,,,,9.5525,18.56125,,2
2025-11-03,FACATATIVA - URBANO,,,,9.15958333,20.73958333,,2
2025-11-04,FACATATIVA - URBANO,,,,16.35,32.31875,,2
2025-11-05,FACATATIVA - URBANO,,,,18.72083333,36.875,,2
2025-11-06,FACATATIVA - URBANO,,,,15.695,36.19041667,,2
2025-11-07,FACATATIVA - URBANO,,,,18.46333333,38.22208333,,2
2023-07-27,FACATATIVA - URBANO,,,,8.30625,19.24583333,,2
2023-07-28,FACATATIVA - URBANO,,,,12.82666667,33.30666667,,2
2023-07-29,FACATATIVA - URBANO,,,,7.40083333,23.2325,,2
2023-07-30,FACATATIVA - URBANO,,,,6.28458333,13.16291667,,2
2023-07-31,FACATATIVA - URBANO,,,,9.46041667,24.10833333,,2
2023-08-01,FACATATIVA - URBANO,,,,7.73208333,19.73875,,2
2023-08-02,FACATATIVA - URBANO,,,,10.60208333,24.78583333,,2
2023-08-03,FACATATIVA - URBANO,,,,9.6425,18.73708333,,2
2023-08-04,FACATATIVA - URBANO,,,,11.29583333,28.87333333,,2
2023-08-05,FACATATIVA - URBANO,,,,13.315,28.80041667,,2
2023-08-06,FACATATIVA - URBANO,,,,6.38541667,13.62541667,,2
2023-08-07,FACATATIVA - URBANO,,,,6.44333333,14.39041667,,2
2023-08-08,FACATATIVA - URBANO,,,,10.19583333,27.20166667,,2
2023-08-09,FACATATIVA - URBANO,,,,12.77333333,28.71916667,,2
2023-08-10,FACATATIVA - URBANO,,,,16.62416667,36.74125,,2
2023-08-11,FACATATIVA - URBANO,,,,7.49125,16.75291667,,2
2023-07-11,FACATATIVA - URBANO,,,,6.38875,17.20291667,,2
2023-07-12,FACATATIVA - URBANO,,,,8.7975,21.76208333,,2
2023-07-13,FACATATIVA - URBANO,,,,6.16913043,16.4626087,,2
2023-07-14,FACATATIVA - URBANO,,,,8.00166667,17.60875,,2
2023-07-15,FACATATIVA - URBANO,,,,7.31833333,18.95958333,,2
2023-07-16,FACATATIVA - URBANO,,,,5.81416667,13.29041667,,2
2023-07-17,FACATATIVA - URBANO,,,,6.63875,17.27875,,2
2023-07-18,FACATATIVA - URBANO,,,,7.92208333,23.71,,2
2023-07-19,FACATATIVA - URBANO,,,,7.60375,25.11833333,,2
2023-07-20,FACATATIVA - URBANO,,,,5.68375,16.7275,,2
2023-07-21,FACATATIVA - URBANO,,,,7.29541667,19.3575,,2
2023-07-22,FACATATIVA - URBANO,,,,7.35041667,19.7725,,2
2023-07-23,FACATATIVA - URBANO,,,,7.12541667,13.4475,,2
2023-07-24,FACATATIVA - URBANO,,,,10.14625,23.55,,2
2023-07-25,FACATATIVA - URBANO,,,,9.10375,23.52458333,,2
2023-07-26,FACATATIVA - URBANO,,,,13.78458333,26.11625,,2
2023-06-25,FACATATIVA - URBANO,,,,4.24478261,9.0925,,2
2023-06-26,FACATATIVA - URBANO,,,,6.36208333,14.60791667,,2
2023-06-27,FACATATIVA - URBANO,,,,7.89833333,17.59416667,,2
2023-06-28,FACATATIVA - URBANO,,,,12.70541667,25.17083333,,2
2023-06-29,FACATATIVA - URBANO,,,,7.12125,20.5575,,2
2023-06-30,FACATATIVA - URBANO,,,,5.23708333,16.98458333,,2
2023-07-01,FACATATIVA - URBANO,,,,6.14833333,16.9125,,2
2023-07-02,FACATATIVA - URBANO,,,,7.58708333,14.3725,,2
2023-07-03,FACATATIVA - URBANO,,,,7.5375,13.75125,,2
2023-07-04,FACATATIVA - URBANO,,,,10.38,22.00875,,2
2023-07-05,FACATATIVA - URBANO,,,,11.1075,24.36916667,,2
2023-07-06,FACATATIVA - URBANO,,,,9.13708333,20.87,,2
2023-07-07,FACATATIVA - URBANO,,,,8.51625,19.71416667,,2
2023-07-08,FACATATIVA - URBANO,,,,7.41625,12.99541667,,2
2023-07-09,FACATATIVA - URBANO,,,,4.84458333,12.98916667,,2
2023-07-10,FACATATIVA - URBANO,,,,7.20291667,18.88666667,,2
2023-06-09,FACATATIVA - URBANO,,,,8.83347826,25.00043478,,2
2023-06-10,FACATATIVA - URBANO,,,,10.65083333,22.885,,2
2023-06-11,FACATATIVA - URBANO,,,,6.915,13.81041667,,2
2023-06-12,FACATATIVA - URBANO,,,,4.07375,10.7825,,2
2023-06-13,FACATATIVA - URBANO,,,,6.745,19.73041667,,2
2023-06-14,FACATATIVA - URBANO,,,,7.06208333,19.66625,,2
2023-06-15,FACATATIVA - URBANO,,,,4.97833333,12.55583333,,2
2023-06-16,FACATATIVA - URBANO,,,,9.40666667,17.29083333,,2
2023-06-17,FACATATIVA - URBANO,,,,6.49625,16.87375,,2
2023-06-18,FACATATIVA - URBANO,,,,3.96125,10.12875,,2
2023-06-19,FACATATIVA - URBANO,,,,4.68625,9.1,,2
2023-06-20,FACATATIVA - URBANO,,,,5.51958333,16.2775,,2
2023-06-21,FACATATIVA - URBANO,,,,6.69791667,17.43,,2
2023-06-06,FACATATIVA - URBANO,,,,5.73083333,15.58416667,,2
2023-06-07,FACATATIVA - URBANO,,,,8.435,23.35875,,2
2023-06-08,FACATATIVA - URBANO,,,,8.55958333,22.695,,2
2025-11-08,FACATATIVA - URBANO,,,,17.64,34.96291667,,2
2025-11-09,FACATATIVA - URBANO,,,,11.74347826,22.27956522,,2
